company,source,statement,unit,page,section,item_raw,item_used,concept,concept_eq,match_score,con_cur,con_prev,sep_cur,sep_prev
KBANK,1Q26_KBank_unreviewed-T.pdf,IS,thousand,3,,ไตรมาส,ไตรมาส,,,0.545,69.0,68.0,69.0,68.0
KBANK,1Q26_KBank_unreviewed-T.pdf,IS,thousand,3,,รายได้ดอกเบีย,รายได้ดอกเบีย,FINANCE_INCOME,FINANCE_INCOME,1.0,40457787.0,44962716.0,32917671.0,37676883.0
KBANK,1Q26_KBank_unreviewed-T.pdf,IS,thousand,3,,ค่าใช้จ่ายดอกเบีย,ค่าใช้จ่ายดอกเบีย,INTEREST_EXPENSE,INTEREST_EXPENSE,1.0,8500152.0,9537302.0,7909219.0,8797054.0
KBANK,1Q26_KBank_unreviewed-T.pdf,IS,thousand,3,,รายได้ดอกเบียสุ ทธิ,รายได้ดอกเบียสุ ทธิ,NET_INTEREST_INCOME,NET_INTEREST_INCOME,1.0,31957635.0,35425414.0,25008452.0,28879829.0
KBANK,1Q26_KBank_unreviewed-T.pdf,IS,thousand,3,,รายได้ค่าธรรมเนี ยมและบริ การ,รายได้ค่าธรรมเนี ยมและบริ การ,FEE_INCOME,FEE_INCOME,1.0,15893540.0,13498712.0,14414991.0,12516293.0
KBANK,1Q26_KBank_unreviewed-T.pdf,IS,thousand,3,,ค่าใช้จ่ายค่าธรรมเนี ยมและบริ การ,ค่าใช้จ่ายค่าธรรมเนี ยมและบริ การ,FEE_EXPENSE,FEE_EXPENSE,1.0,5906959.0,5065919.0,5789091.0,4962489.0
KBANK,1Q26_KBank_unreviewed-T.pdf,IS,thousand,3,,รายได้ค่าธรรมเนี ยมและบริ การสุ ทธิ,รายได้ค่าธรรมเนี ยมและบริ การสุ ทธิ,NET_FEE_INCOME,NET_FEE_INCOME,1.0,9986581.0,8432793.0,8625900.0,7553804.0
KBANK,1Q26_KBank_unreviewed-T.pdf,IS,thousand,3,,ผ่านกําไรหรื อขาดทุน,กําไรสุ ทธิ จากเครื องมือทางการเงินทีวัดมูลค่าด้วยมูลค่ายุติธรรม ผ่านกําไรหรื อขาดทุน,FVTPL_GAIN,FVTPL_GAIN,1.0,3131309.0,4150357.0,3424690.0,3082009.0
KBANK,1Q26_KBank_unreviewed-T.pdf,IS,thousand,3,,กําไรสุ ทธิ จากเงินลงทุน,กําไรสุ ทธิ จากเงินลงทุน,INVESTMENT_GAIN,INVESTMENT_GAIN,1.0,461561.0,210458.0,236687.0,218991.0
KBANK,1Q26_KBank_unreviewed-T.pdf,IS,thousand,3,,ส่ วนแบ่งกําไรจากเงินลงทุนตามวิธีส่วนได้เสี ย,ส่ วนแบ่งกําไรจากเงินลงทุนตามวิธีส่วนได้เสี ย,SHARE_OF_PROFIT_ASSOCIATE,SHARE_OF_PROFIT_ASSOCIATE,1.0,316334.0,175648.0,,
KBANK,1Q26_KBank_unreviewed-T.pdf,IS,thousand,3,,รายได้เงินปั นผล,รายได้เงินปั นผล,DIVIDEND_INCOME,DIVIDEND_INCOME,1.0,1096762.0,972586.0,1437029.0,1240875.0
KBANK,1Q26_KBank_unreviewed-T.pdf,IS,thousand,3,,ผลการดําเนิ นงานการบริ การประกันภัย,ผลการดําเนิ นงานการบริ การประกันภัย,INSURANCE_SERVICE_RESULT,INSURANCE_SERVICE_RESULT,1.0,3927387.0,3116538.0,,
KBANK,1Q26_KBank_unreviewed-T.pdf,IS,thousand,3,,รายได้จากค่าชดเชยมูลค่าเงินลงทุน,รายได้จากค่าชดเชยมูลค่าเงินลงทุน,INVESTMENT_COMPENSATION_INCOME,INVESTMENT_COMPENSATION_INCOME,1.0,1455404.0,,,
KBANK,1Q26_KBank_unreviewed-T.pdf,IS,thousand,3,,รายได้จากการดําเนิ นงานอืน ๆ,รายได้จากการดําเนิ นงานอืน ๆ,,,0.828,840838.0,574267.0,1248469.0,930989.0
KBANK,1Q26_KBank_unreviewed-T.pdf,IS,thousand,3,,รวมรายได้จากการดําเนิ นงาน,รวมรายได้จากการดําเนิ นงาน,TOTAL_OPERATING_INCOME,TOTAL_OPERATING_INCOME,1.0,53173811.0,53058061.0,39981227.0,41906497.0
KBANK,1Q26_KBank_unreviewed-T.pdf,IS,thousand,3,,ค่าใช้จ่ายทางการเงินจากการประกันภัยสุ ทธิ,ค่าใช้จ่ายทางการเงินจากการประกันภัยสุ ทธิ,INSURANCE_FINANCE_EXPENSE,INSURANCE_FINANCE_EXPENSE,1.0,3652310.0,3955332.0,,
KBANK,1Q26_KBank_unreviewed-T.pdf,IS,thousand,3,,รวมรายได้จากการดําเนิ นงานสุ ทธิ,รวมรายได้จากการดําเนิ นงานสุ ทธิ,TOTAL_OPERATING_INCOME_NET,TOTAL_OPERATING_INCOME_NET,1.0,49521501.0,49102729.0,39981227.0,41906497.0
KBANK,1Q26_KBank_unreviewed-T.pdf,IS,thousand,3,,ค่าใช้จ่ายเกียวกับพนักงาน,ค่าใช้จ่ายเกียวกับพนักงาน,EMPLOYEE_EXPENSE,EMPLOYEE_EXPENSE,1.0,9746365.0,10540897.0,6467431.0,7127994.0
KBANK,1Q26_KBank_unreviewed-T.pdf,IS,thousand,3,,ค่าตอบแทนกรรมการ,ค่าตอบแทนกรรมการ,DIRECTOR_REMUNERATION,DIRECTOR_REMUNERATION,1.0,26706.0,27105.0,13550.0,12890.0
KBANK,1Q26_KBank_unreviewed-T.pdf,IS,thousand,3,,ค่าใช้จ่ายเกียวกับอาคาร สถานทีและอุปกรณ์,ค่าใช้จ่ายเกียวกับอาคาร สถานทีและอุปกรณ์,PREMISES_EQUIPMENT_EXPENSE,PREMISES_EQUIPMENT_EXPENSE,1.0,2718772.0,2781956.0,3158548.0,3207160.0
KBANK,1Q26_KBank_unreviewed-T.pdf,IS,thousand,3,,ค่าภาษีอากร,ค่าภาษีอากร,,,0.545,1336322.0,1477708.0,1264578.0,1416191.0
KBANK,1Q26_KBank_unreviewed-T.pdf,IS,thousand,3,,รวมค่าใช้จ่ายจากการดําเนิ นงานอืน ๆ,รวมค่าใช้จ่ายจากการดําเนิ นงานอืน ๆ,TOTAL_OTHER_OPERATING_EXPENSES,TOTAL_OTHER_OPERATING_EXPENSES,1.0,19279145.0,20051890.0,16009084.0,16865468.0
KBANK,1Q26_KBank_unreviewed-T.pdf,IS,thousand,3,,ผลขาดทุนด้านเครดิตทีคาดว่าจะเกิดขึน,ผลขาดทุนด้านเครดิตทีคาดว่าจะเกิดขึน,ECL,ECL,1.0,9823108.0,9818186.0,9391333.0,9246258.0
KBANK,1Q26_KBank_unreviewed-T.pdf,IS,thousand,3,,กําไรจากการดําเนิ นงานก่อนภาษีเงินได้,กําไรจากการดําเนิ นงานก่อนภาษีเงินได้,,,0.69,20419248.0,19232653.0,14580810.0,15794771.0
KBANK,1Q26_KBank_unreviewed-T.pdf,IS,thousand,3,,ภาษีเงินได้,ภาษีเงินได้,,,0.714,3918032.0,3976533.0,2659727.0,2950061.0
KBANK,1Q26_KBank_unreviewed-T.pdf,IS,thousand,3,,กําไรสุ ทธิ,กําไรสุ ทธิ,NET_PROFIT,NET_PROFIT,1.0,16501216.0,15256120.0,11921083.0,12844710.0
KBANK,1Q26_KBank_unreviewed-T.pdf,IS,thousand,3,กำไรขาดทุนเบ็ดเสร็จอื่น,ด้วยมูลค่ายุติธรรมผ่านกําไรขาดทุนเบ็ดเสร็ จอืน,กําไร (ขาดทุน) จากการวัดมูลค่าเงินลงทุนในตราสารหนี ด้วยมูลค่ายุติธรรมผ่านกําไรขาดทุนเบ็ดเสร็ จอืน,OCI_FVOCI_DEBT,OCI_FVOCI_DEBT,1.0,-55848053.0,12998347.0,-7290161.0,3307461.0
KBANK,1Q26_KBank_unreviewed-T.pdf,IS,thousand,3,กำไรขาดทุนเบ็ดเสร็จอื่น,การป้ องกันความเสี ยงในกระแสเงินสด,กําไร (ขาดทุน) จากการวัดมูลค่ายุติธรรมเครื องมือทีใช้สาํ หรับ การป้ องกันความเสี ยงในกระแสเงินสด,OCI_CASHFLOW_HEDGE,OCI_CASHFLOW_HEDGE,1.0,-1025082.0,-413988.0,62032.0,-845347.0
KBANK,1Q26_KBank_unreviewed-T.pdf,IS,thousand,3,กำไรขาดทุนเบ็ดเสร็จอื่น,กําไร (ขาดทุน) จากการแปลงค่างบการเงินจากการดําเนิ นงานในต่างประเทศ,กําไร (ขาดทุน) จากการแปลงค่างบการเงินจากการดําเนิ นงานในต่างประเทศ,OCI_FX_TRANSLATION,OCI_FX_TRANSLATION,1.0,98059.0,-181601.0,25034.0,-39974.0
KBANK,1Q26_KBank_unreviewed-T.pdf,IS,thousand,3,กำไรขาดทุนเบ็ดเสร็จอื่น,รายได้ (ค่าใช้จ่าย) ทางการเงินจากสัญญาประกันภัย,รายได้ (ค่าใช้จ่าย) ทางการเงินจากสัญญาประกันภัย,,,0.766,34413535.0,-9101400.0,,
KBANK,1Q26_KBank_unreviewed-T.pdf,IS,thousand,3,กำไรขาดทุนเบ็ดเสร็จอื่น,ภาษีเงินได้เกียวกับองค์ประกอบของกําไรขาดทุนเบ็ดเสร็ จอืน,ภาษีเงินได้เกียวกับองค์ประกอบของกําไรขาดทุนเบ็ดเสร็ จอืน,,,0.63,4512949.0,-739026.0,1440619.0,-484428.0
KBANK,1Q26_KBank_unreviewed-T.pdf,IS,thousand,3,กำไรขาดทุนเบ็ดเสร็จอื่น,การเปลียนแปลงในส่ วนเกินทุนจากการตีราคาสิ นทรัพย์,การเปลียนแปลงในส่ วนเกินทุนจากการตีราคาสิ นทรัพย์,,,0.636,,2639705.0,,2639705.0
KBANK,1Q26_KBank_unreviewed-T.pdf,IS,thousand,3,กำไรขาดทุนเบ็ดเสร็จอื่น,มูลค่ายุติธรรมผ่านกําไรขาดทุนเบ็ดเสร็ จอืน,กําไร (ขาดทุน) จากเงินลงทุนในตราสารทุนทีกําหนดให้วดั มูลค่าด้วย มูลค่ายุติธรรมผ่านกําไรขาดทุนเบ็ดเสร็ จอืน,OCI_FVOCI_EQUITY,OCI_FVOCI_EQUITY,0.965,1959855.0,-5004940.0,-301752.0,44273.0
KBANK,1Q26_KBank_unreviewed-T.pdf,IS,thousand,3,กำไรขาดทุนเบ็ดเสร็จอื่น,สําหรับโครงการผลประโยชน์ของพนักงาน,กําไร (ขาดทุน) จากการประมาณการตามหลักคณิ ตศาสตร์ ประกันภัย สําหรับโครงการผลประโยชน์ของพนักงาน,ACTUARIAL_GAIN,ACTUARIAL_GAIN,1.0,2052716.0,-646310.0,2053782.0,-638878.0
KBANK,1Q26_KBank_unreviewed-T.pdf,IS,thousand,3,กำไรขาดทุนเบ็ดเสร็จอื่น,ภาษีเงินได้เกียวกับองค์ประกอบของกําไรขาดทุนเบ็ดเสร็ จอืน,ภาษีเงินได้เกียวกับองค์ประกอบของกําไรขาดทุนเบ็ดเสร็ จอืน,,,0.63,-806530.0,468479.0,-350406.0,-409020.0
KBANK,1Q26_KBank_unreviewed-T.pdf,IS,thousand,3,กำไรขาดทุนเบ็ดเสร็จอื่น,รวมกําไรขาดทุนเบ็ดเสร็ จอืนสุ ทธิ,รวมกําไรขาดทุนเบ็ดเสร็ จอืนสุ ทธิ,OCI_TOTAL,OCI_TOTAL,1.0,-14642551.0,19266.0,-4360852.0,3573792.0
KBANK,1Q26_KBank_unreviewed-T.pdf,IS,thousand,3,กำไรขาดทุนเบ็ดเสร็จอื่น,กําไรขาดทุนเบ็ดเสร็ จรวม,กําไรขาดทุนเบ็ดเสร็ จรวม,TOTAL_COMPREHENSIVE_INCOME,TOTAL_COMPREHENSIVE_INCOME,1.0,1858665.0,15275386.0,7560231.0,16418502.0
KBANK,1Q26_KBank_unreviewed-T.pdf,IS,thousand,3,กำไรขาดทุนเบ็ดเสร็จอื่น,ส่ วนทีเป็ นของธนาคาร,ส่ วนทีเป็ นของธนาคาร,,,0.769,14667406.0,13791451.0,11921083.0,12844710.0
KBANK,1Q26_KBank_unreviewed-T.pdf,IS,thousand,3,กำไรขาดทุนเบ็ดเสร็จอื่น,ส่ วนทีเป็ นของส่ วนได้เสี ยทีไม่มีอาํ นาจควบคุม,กำไรขาดทุนเบ็ดเสร็จอื่น ส่ วนทีเป็ นของส่ วนได้เสี ยทีไม่มีอาํ นาจควบคุม,TCI_ATTRIB_NCI,TCI_ATTRIB_NCI,0.902,1833810.0,1464669.0,,
KBANK,1Q26_KBank_unreviewed-T.pdf,IS,thousand,3,การแบ่งปันกำไรขาดทุนเบ็ดเสร็จรวม,ส่ วนทีเป็ นของธนาคาร,ส่ วนทีเป็ นของธนาคาร,,,0.882,6474405.0,15321312.0,7560231.0,16418502.0
KBANK,1Q26_KBank_unreviewed-T.pdf,IS,thousand,3,การแบ่งปันกำไรขาดทุนเบ็ดเสร็จรวม,ส่ วนทีเป็ นของส่ วนได้เสี ยทีไม่มีอาํ นาจควบคุม,การแบ่งปันกำไรขาดทุนเบ็ดเสร็จรวม ส่ วนทีเป็ นของส่ วนได้เสี ยทีไม่มีอาํ นาจควบคุม,TCI_ATTRIB_NCI,TCI_ATTRIB_NCI,1.0,-4615740.0,-45926.0,,
KBANK,1Q26_KBank_unreviewed-T.pdf,IS,thousand,3,การแบ่งปันกำไรขาดทุนเบ็ดเสร็จรวม,กําไรต่อหุ ้นขันพืนฐาน (บาท),กําไรต่อหุ ้นขันพืนฐาน (บาท),EPS,EPS,1.0,6.24,5.67,5.07,5.27
KBANK,1Q26_KBank_unreviewed-T.pdf,IS,thousand,3,การแบ่งปันกำไรขาดทุนเบ็ดเสร็จรวม,จํานวนหุ ้นสามัญถัวเฉลียถ่วงนําหนัก (พันหุ ้น),จํานวนหุ ้นสามัญถัวเฉลียถ่วงนําหนัก (พันหุ ้น),WEIGHTED_AVG_SHARES,WEIGHTED_AVG_SHARES,0.958,2352196.0,2369328.0,2352196.0,2369328.0
SCB,1q26-financial-statement-note-th_SCB.pdf,IS,thousand,7,,วันที่,วันที่,,,0.5,31.0,,31.0,
SCB,1q26-financial-statement-note-th_SCB.pdf,IS,thousand,7,,รายได้ดอกเบี้ย,รายได้ดอกเบี้ย,FINANCE_INCOME,FINANCE_INCOME,1.0,28481905.0,33603838.0,28427003.0,33507420.0
SCB,1q26-financial-statement-note-th_SCB.pdf,IS,thousand,7,,ค่าใช้จ่ายดอกเบี้ย,ค่าใช้จ่ายดอกเบี้ย,INTEREST_EXPENSE,INTEREST_EXPENSE,1.0,7733841.0,8766506.0,7741170.0,8761371.0
SCB,1q26-financial-statement-note-th_SCB.pdf,IS,thousand,7,,รายได้ดอกเบี้ยสุ ทธิ,รายได้ดอกเบี้ยสุ ทธิ,NET_INTEREST_INCOME,NET_INTEREST_INCOME,1.0,20748064.0,24837332.0,20685833.0,24746049.0
SCB,1q26-financial-statement-note-th_SCB.pdf,IS,thousand,7,,รายได้ค่าธรรมเนี ยมและบริ การ,รายได้ค่าธรรมเนี ยมและบริ การ,FEE_INCOME,FEE_INCOME,1.0,9872005.0,9578034.0,8502880.0,8206047.0
SCB,1q26-financial-statement-note-th_SCB.pdf,IS,thousand,7,,ค่าใช้จ่ายค่าธรรมเนี ยมและบริ การ,ค่าใช้จ่ายค่าธรรมเนี ยมและบริ การ,FEE_EXPENSE,FEE_EXPENSE,1.0,2660180.0,2988791.0,2377499.0,2601040.0
SCB,1q26-financial-statement-note-th_SCB.pdf,IS,thousand,7,,รายได้ค่าธรรมเนี ยมและบริ การสุทธิ,รายได้ค่าธรรมเนี ยมและบริ การสุทธิ,NET_FEE_INCOME,NET_FEE_INCOME,1.0,7211825.0,6589243.0,6125381.0,5605007.0
SCB,1q26-financial-statement-note-th_SCB.pdf,IS,thousand,7,,กาไรสุ ทธิ จากเครื่ องมือทางการเงินที่วดั มูลค่าด้วยมูลค่ายุติธรรมผ่านกาไรหรื อขาดทุน,กาไรสุ ทธิ จากเครื่ องมือทางการเงินที่วดั มูลค่าด้วยมูลค่ายุติธรรมผ่านกาไรหรื อขาดทุน,FVTPL_GAIN,FVTPL_GAIN,1.0,2973666.0,3084903.0,2929706.0,3090931.0
SCB,1q26-financial-statement-note-th_SCB.pdf,IS,thousand,7,,กาไรสุ ทธิ จากเงินลงทุน,กาไรสุ ทธิ จากเงินลงทุน,INVESTMENT_GAIN,INVESTMENT_GAIN,1.0,123782.0,93361.0,42840.0,93361.0
SCB,1q26-financial-statement-note-th_SCB.pdf,IS,thousand,7,,ส่ วนแบ่งกาไรจากเงินลงทุนในบริ ษทั ร่ วม,ส่ วนแบ่งกาไรจากเงินลงทุนในบริ ษทั ร่ วม,SHARE_OF_PROFIT_ASSOCIATE,SHARE_OF_PROFIT_ASSOCIATE,1.0,102887.0,82068.0,,
SCB,1q26-financial-statement-note-th_SCB.pdf,IS,thousand,7,,รายได้เงินปั นผล,รายได้เงินปั นผล,DIVIDEND_INCOME,DIVIDEND_INCOME,1.0,10996.0,11200.0,10996.0,11200.0
SCB,1q26-financial-statement-note-th_SCB.pdf,IS,thousand,7,,รายได้จากการดาเนิ นงานอื่น ๆ,รายได้จากการดาเนิ นงานอื่น ๆ,,,0.828,980017.0,625732.0,753138.0,466719.0
SCB,1q26-financial-statement-note-th_SCB.pdf,IS,thousand,7,,รวมรายได้จากการดาเนิ นงาน,รวมรายได้จากการดาเนิ นงาน,TOTAL_OPERATING_INCOME,TOTAL_OPERATING_INCOME,1.0,32151237.0,35323839.0,30547894.0,34013267.0
SCB,1q26-financial-statement-note-th_SCB.pdf,IS,thousand,7,,ค่าใช้จ่ายเกี่ยวกับพนักงาน,ค่าใช้จ่ายเกี่ยวกับพนักงาน,EMPLOYEE_EXPENSE,EMPLOYEE_EXPENSE,1.0,6420881.0,6950561.0,6007910.0,6211020.0
SCB,1q26-financial-statement-note-th_SCB.pdf,IS,thousand,7,,ค่าตอบแทนกรรมการ,ค่าตอบแทนกรรมการ,DIRECTOR_REMUNERATION,DIRECTOR_REMUNERATION,1.0,19544.0,17576.0,18871.0,16370.0
SCB,1q26-financial-statement-note-th_SCB.pdf,IS,thousand,7,,ค่าใช้จ่ายเกี่ยวกับอาคารสถานที่และอุปกรณ์,ค่าใช้จ่ายเกี่ยวกับอาคารสถานที่และอุปกรณ์,PREMISES_EQUIPMENT_EXPENSE,PREMISES_EQUIPMENT_EXPENSE,1.0,2184384.0,2308720.0,2094845.0,2166442.0
SCB,1q26-financial-statement-note-th_SCB.pdf,IS,thousand,7,,ค่าภาษีอากร,ค่าภาษีอากร,,,0.545,935159.0,1047644.0,934943.0,1046995.0
SCB,1q26-financial-statement-note-th_SCB.pdf,IS,thousand,7,,ค่าใช้จ่ายอื่น ๆ,ค่าใช้จ่ายอื่น ๆ,OTHER_EXPENSES,OTHER_EXPENSES,1.0,3273383.0,3089951.0,3229209.0,3449038.0
SCB,1q26-financial-statement-note-th_SCB.pdf,IS,thousand,7,,รวมค่าใช้จ่ายจากการดาเนินงานอื่น ๆ,รวมค่าใช้จ่ายจากการดาเนินงานอื่น ๆ,TOTAL_OTHER_OPERATING_EXPENSES,TOTAL_OTHER_OPERATING_EXPENSES,1.0,12833351.0,13414452.0,12285778.0,12889865.0
SCB,1q26-financial-statement-note-th_SCB.pdf,IS,thousand,7,,ผลขาดทุนด้านเครดิตที่คาดว่าจะเกิดขึ้น,ผลขาดทุนด้านเครดิตที่คาดว่าจะเกิดขึ้น,ECL,ECL,1.0,5740942.0,6575175.0,5628419.0,6559945.0
SCB,1q26-financial-statement-note-th_SCB.pdf,IS,thousand,7,,กาไรจากการดาเนิ นงานก่อนภาษีเงินได้,กาไรจากการดาเนิ นงานก่อนภาษีเงินได้,,,0.69,13576944.0,15334212.0,12633697.0,14563457.0
SCB,1q26-financial-statement-note-th_SCB.pdf,IS,thousand,7,,ภาษีเงินได้,ภาษีเงินได้,,,0.714,2706241.0,3070688.0,2508371.0,2931733.0
SCB,1q26-financial-statement-note-th_SCB.pdf,IS,thousand,7,,กาไรสุ ทธิ,กาไรสุ ทธิ,NET_PROFIT,NET_PROFIT,1.0,10870703.0,12263524.0,10125326.0,11631724.0
SCB,1q26-financial-statement-note-th_SCB.pdf,IS,thousand,8,,วันที่,วันที่,,,0.5,31.0,,31.0,
SCB,1q26-financial-statement-note-th_SCB.pdf,IS,thousand,8,กำไรขาดทุนเบ็ดเสร็จอื่น,ผ่านกาไรขาดทุนเบ็ดเสร็ จอื่น,กาไร (ขาดทุน) จากการวัดมูลค่าเงินลงทุนในตราสารหนี้ดว้ ยมูลค่ายุติธรรม ผ่านกาไรขาดทุนเบ็ดเสร็ จอื่น,OCI_FVOCI_DEBT,OCI_FVOCI_DEBT,1.0,-4700383.0,1231382.0,-4700383.0,1231382.0
SCB,1q26-financial-statement-note-th_SCB.pdf,IS,thousand,8,กำไรขาดทุนเบ็ดเสร็จอื่น,กาไร (ขาดทุน) จากการแปลงค่างบการเงินจากการดาเนิ นงานในต่างประเทศ,กาไร (ขาดทุน) จากการแปลงค่างบการเงินจากการดาเนิ นงานในต่างประเทศ,OCI_FX_TRANSLATION,OCI_FX_TRANSLATION,1.0,-71736.0,7523.0,-357860.0,21743.0
SCB,1q26-financial-statement-note-th_SCB.pdf,IS,thousand,8,กำไรขาดทุนเบ็ดเสร็จอื่น,รายการที่จดั ประเภทรายการใหม่เข้าไปไว้ในกาไรหรื อขาดทุนในภายหลัง,ภาษีเงินได้เกี่ยวกับองค์ประกอบของกาไรขาดทุนเบ็ดเสร็ จอื่นสาหรับ รายการที่จดั ประเภทรายการใหม่เข้าไปไว้ในกาไรหรื อขาดทุนในภายหลัง,OCI_TAX,OCI_TAX,1.0,940077.0,-246276.0,940077.0,-246276.0
SCB,1q26-financial-statement-note-th_SCB.pdf,IS,thousand,8,กำไรขาดทุนเบ็ดเสร็จอื่น,,กำไรขาดทุนเบ็ดเสร็จอื่น,SE_OCI,SE_OCI,1.0,-3832042.0,992629.0,-4118166.0,1006849.0
SCB,1q26-financial-statement-note-th_SCB.pdf,IS,thousand,8,กำไรขาดทุนเบ็ดเสร็จอื่น,ผ่านกาไรขาดทุนเบ็ดเสร็ จอื่น,กาไรจากเงินลงทุนในตราสารทุนที่กาหนดให้วดั มูลค่าด้วยมูลค่ายุติธรรม ผ่านกาไรขาดทุนเบ็ดเสร็ จอื่น,OCI_FVOCI_EQUITY,OCI_FVOCI_EQUITY,1.0,1127.0,24112.0,1127.0,24112.0
SCB,1q26-financial-statement-note-th_SCB.pdf,IS,thousand,8,กำไรขาดทุนเบ็ดเสร็จอื่น,โครงการผลประโยชน์ของพนักงาน,กาไร (ขาดทุน) จากการประมาณการตามหลักคณิ ตศาสตร์ประกันภัยสาหรับ โครงการผลประโยชน์ของพนักงาน,ACTUARIAL_GAIN,ACTUARIAL_GAIN,1.0,36536.0,,-150464.0,
SCB,1q26-financial-statement-note-th_SCB.pdf,IS,thousand,8,กำไรขาดทุนเบ็ดเสร็จอื่น,รายการที่ไม่จดั ประเภทรายการใหม่เข้าไปไว้ในกาไรหรื อขาดทุนในภายหลัง,ภาษีเงินได้เกี่ยวกับองค์ประกอบของกาไรขาดทุนเบ็ดเสร็ จอื่นสาหรับ รายการที่ไม่จดั ประเภทรายการใหม่เข้าไปไว้ในกาไรหรื อขาดทุนในภายหลัง,OCI_TAX,OCI_TAX,0.993,-7532.0,-4823.0,29867.0,-4823.0
SCB,1q26-financial-statement-note-th_SCB.pdf,IS,thousand,8,กำไรขาดทุนเบ็ดเสร็จอื่น,,กำไรขาดทุนเบ็ดเสร็จอื่น,SE_OCI,SE_OCI,1.0,30131.0,19289.0,-119470.0,19289.0
SCB,1q26-financial-statement-note-th_SCB.pdf,IS,thousand,8,กำไรขาดทุนเบ็ดเสร็จอื่น,รวมกาไรขาดทุนเบ็ดเสร็ จอื่นสุทธิ จากภาษี,รวมกาไรขาดทุนเบ็ดเสร็ จอื่นสุทธิ จากภาษี,OCI_TOTAL,OCI_TOTAL,1.0,-3801911.0,1011918.0,-4237636.0,1026138.0
SCB,1q26-financial-statement-note-th_SCB.pdf,IS,thousand,8,กำไรขาดทุนเบ็ดเสร็จอื่น,กาไรขาดทุนเบ็ดเสร็ จรวม,กาไรขาดทุนเบ็ดเสร็ จรวม,TOTAL_COMPREHENSIVE_INCOME,TOTAL_COMPREHENSIVE_INCOME,1.0,7068792.0,13275442.0,5887690.0,12657862.0
SCB,1q26-financial-statement-note-th_SCB.pdf,IS,thousand,8,กำไรขาดทุนเบ็ดเสร็จอื่น,ส่ วนที่เป็ นของธนาคาร,ส่ วนที่เป็ นของธนาคาร,,,0.769,10850731.0,12249150.0,10125326.0,11631724.0
SCB,1q26-financial-statement-note-th_SCB.pdf,IS,thousand,8,กำไรขาดทุนเบ็ดเสร็จอื่น,ส่ วนที่เป็ นของส่ วนได้เสี ยที่ไม่มีอานาจควบคุม,กำไรขาดทุนเบ็ดเสร็จอื่น ส่ วนที่เป็ นของส่ วนได้เสี ยที่ไม่มีอานาจควบคุม,TCI_ATTRIB_NCI,TCI_ATTRIB_NCI,0.902,19972.0,14374.0,,
SCB,1q26-financial-statement-note-th_SCB.pdf,IS,thousand,8,การแบ่งปันกำไรขาดทุนเบ็ดเสร็จรวม,ส่ วนที่เป็ นของธนาคาร,ส่ วนที่เป็ นของธนาคาร,,,0.882,7048820.0,13261068.0,5887690.0,12657862.0
SCB,1q26-financial-statement-note-th_SCB.pdf,IS,thousand,8,การแบ่งปันกำไรขาดทุนเบ็ดเสร็จรวม,ส่ วนที่เป็ นของส่ วนได้เสี ยที่ไม่มีอานาจควบคุม,การแบ่งปันกำไรขาดทุนเบ็ดเสร็จรวม ส่ วนที่เป็ นของส่ วนได้เสี ยที่ไม่มีอานาจควบคุม,TCI_ATTRIB_NCI,TCI_ATTRIB_NCI,1.0,19972.0,14374.0,,
SCB,1q26-financial-statement-note-th_SCB.pdf,IS,thousand,8,การแบ่งปันกำไรขาดทุนเบ็ดเสร็จรวม,กาไรต่อหุน้ ขั้นพื้นฐาน (บาท),กาไรต่อหุน้ ขั้นพื้นฐาน (บาท),EPS,EPS,1.0,3.19,3.6,2.98,3.42
TRUE,20260507-true-FSGroup-1q2026-th.pdf,IS,unknown,6,รายได้,รายได้จากการให้บริการโทรศัพท์และบริการอืน,รายได้จากการให้บริการโทรศัพท์และบริการอืน,,,0.667,41475524.0,46408746.0,2513905.0,2930941.0
TRUE,20260507-true-FSGroup-1q2026-th.pdf,IS,unknown,6,รายได้,รายได้จากการขายสินค้า,รายได้จากการขายสินค้า,,,0.75,4917366.0,5026865.0,,
TRUE,20260507-true-FSGroup-1q2026-th.pdf,IS,unknown,6,รายได้,รวมรายได้,รวมรายได้,TOTAL_REVENUE,TOTAL_REVENUE,1.0,46392890.0,51435611.0,2513905.0,2930941.0
TRUE,20260507-true-FSGroup-1q2026-th.pdf,IS,unknown,6,รายได้,ต้นทุนการให้บริการ,ต้นทุนการให้บริการ,COGS_SERVICE,COGS_SERVICE,1.0,23469014.0,30486106.0,1491853.0,1335887.0
TRUE,20260507-true-FSGroup-1q2026-th.pdf,IS,unknown,6,รายได้,ต้นทุนขาย,ต้นทุนขาย,,,0.667,4970516.0,5116087.0,,
TRUE,20260507-true-FSGroup-1q2026-th.pdf,IS,unknown,6,รายได้,รวมต้นทุนขายและการให้บริ การ,รวมต้นทุนขายและการให้บริ การ,,,0.828,28439530.0,35602193.0,1491853.0,1335887.0
TRUE,20260507-true-FSGroup-1q2026-th.pdf,IS,unknown,6,รายได้,กําไรขันต้น,กําไรขันต้น,GROSS_PROFIT,GROSS_PROFIT,1.0,17953360.0,15833418.0,1022052.0,1595054.0
TRUE,20260507-true-FSGroup-1q2026-th.pdf,IS,unknown,6,รายได้,รายได้อนื 17,รายได้อนื 17,OTHER_INCOME,OTHER_INCOME,1.0,478637.0,222215.0,2600401.0,2235066.0
TRUE,20260507-true-FSGroup-1q2026-th.pdf,IS,unknown,6,รายได้,ค่าใช้จ่ายในการขายและต้นทุนในการจัดจําหน่าย,ค่าใช้จ่ายในการขายและต้นทุนในการจัดจําหน่าย,,,0.821,-4810289.0,-4744715.0,-200192.0,-150240.0
TRUE,20260507-true-FSGroup-1q2026-th.pdf,IS,unknown,6,รายได้,ค่าใช้จ่ายในการบริหาร,ค่าใช้จ่ายในการบริหาร,ADMIN_EXPENSES,ADMIN_EXPENSES,1.0,-2445080.0,-2464598.0,-162344.0,-189486.0
TRUE,20260507-true-FSGroup-1q2026-th.pdf,IS,unknown,6,รายได้,ค่าใช้จ่ายอืน,ค่าใช้จ่ายอืน,OTHER_EXPENSES,OTHER_EXPENSES,1.0,-237868.0,-2952688.0,-11536.0,-6846.0
TRUE,20260507-true-FSGroup-1q2026-th.pdf,IS,unknown,6,รายได้,ต้นทุนทางการเงิน 7,ต้นทุนทางการเงิน 7,FINANCE_COST,FINANCE_COST,1.0,-4756527.0,-5162625.0,-2795393.0,-2492427.0
TRUE,20260507-true-FSGroup-1q2026-th.pdf,IS,unknown,6,รายได้,ส่วนแบ่งกําไรจากเงินลงทุน 9,ส่วนแบ่งกําไรจากเงินลงทุน 9,,,0.789,735016.0,744079.0,,
TRUE,20260507-true-FSGroup-1q2026-th.pdf,IS,unknown,6,รายได้,กําไรก่อนภาษี เงิ นได้,กําไรก่อนภาษี เงิ นได้,PROFIT_BEFORE_TAX,PROFIT_BEFORE_TAX,1.0,6917249.0,1475086.0,452988.0,991121.0
TRUE,20260507-true-FSGroup-1q2026-th.pdf,IS,unknown,6,รายได้,ภาษีเงินได้ 18,ภาษีเงินได้ 18,,,0.8,-318389.0,159921.0,-122234.0,3051.0
TRUE,20260507-true-FSGroup-1q2026-th.pdf,IS,unknown,6,รายได้,กําไรสําหรับรอบระยะเวลา,กําไรสําหรับรอบระยะเวลา,,,0.643,6598860.0,1635007.0,330754.0,994172.0
TRUE,20260507-true-FSGroup-1q2026-th.pdf,IS,unknown,6,กำไรขาดทุนเบ็ดเสร็จอื่น,มูลค่ายุตธิ รรมผ่านกําไรขาดทุนเบ็ดเสร็จอืน - สุทธิภาษีเงินได้ -,มูลค่ายุตธิ รรมผ่านกําไรขาดทุนเบ็ดเสร็จอืน - สุทธิภาษีเงินได้ -,,,0.739,,-482.0,,
TRUE,20260507-true-FSGroup-1q2026-th.pdf,IS,unknown,6,กำไรขาดทุนเบ็ดเสร็จอื่น,การป้ องกันความเสียงกระแสเงินสด,การป้ องกันความเสียงกระแสเงินสด,,,0.662,402538.0,-360154.0,402538.0,-360154.0
TRUE,20260507-true-FSGroup-1q2026-th.pdf,IS,unknown,6,กำไรขาดทุนเบ็ดเสร็จอื่น,ผลต่างจากการแปลงค่างบการเงิน,ผลต่างจากการแปลงค่างบการเงิน,,,1.0,863.0,-1224.0,,
TRUE,20260507-true-FSGroup-1q2026-th.pdf,IS,unknown,6,กำไรขาดทุนเบ็ดเสร็จอื่น,กําไรเบ็ดเสร็จรวมสําหรับรอบระยะเวลา,กําไรเบ็ดเสร็จรวมสําหรับรอบระยะเวลา,,,0.789,7002261.0,1273147.0,733292.0,634018.0
TRUE,20260507-true-FSGroup-1q2026-th.pdf,IS,unknown,7,การแบ่งปันกำไร,ส่วนของผูเ้ ป็ นเจ้าของของบริษทั,การแบ่งปันกำไร ส่วนของผูเ้ ป็ นเจ้าของของบริษทั,PROFIT_ATTRIB_PARENT,PROFIT_ATTRIB_PARENT,1.0,6588720.0,1633880.0,330754.0,994172.0
TRUE,20260507-true-FSGroup-1q2026-th.pdf,IS,unknown,7,การแบ่งปันกำไร,ส่วนของส่วนได้เสียทีไม่มอี าํ นาจควบคุม,การแบ่งปันกำไร ส่วนของส่วนได้เสียทีไม่มอี าํ นาจควบคุม,PROFIT_ATTRIB_NCI,PROFIT_ATTRIB_NCI,0.954,10140.0,1127.0,,
TRUE,20260507-true-FSGroup-1q2026-th.pdf,IS,unknown,7,การแบ่งปันกำไร,ส่วนของผูเ้ ป็ นเจ้าของของบริษทั,การแบ่งปันกำไร ส่วนของผูเ้ ป็ นเจ้าของของบริษทั,PROFIT_ATTRIB_PARENT,PROFIT_ATTRIB_PARENT,1.0,6993615.0,1272004.0,733292.0,634018.0
TRUE,20260507-true-FSGroup-1q2026-th.pdf,IS,unknown,7,การแบ่งปันกำไร,ส่วนของส่วนได้เสียทีไม่มอี าํ นาจควบคุม,การแบ่งปันกำไร ส่วนของส่วนได้เสียทีไม่มอี าํ นาจควบคุม,PROFIT_ATTRIB_NCI,PROFIT_ATTRIB_NCI,0.954,8646.0,1143.0,,
TRUE,20260507-true-FSGroup-1q2026-th.pdf,IS,unknown,7,การแบ่งปันกำไร,ขันพืนฐาน (บาทต่อหุน้ ),ขันพืนฐาน (บาทต่อหุน้ ),,,0.842,0.19,0.05,0.01,0.03
GABLE,20260512-gable-fs-1q2026-th.pdf,IS,thousand,6,,รายได้จากการขายและให้บริการ 11,รายได้จากการขายและให้บริการ 11,REVENUE,REVENUE,1.0,1504451.0,1381212.0,1248724.0,1122024.0
GABLE,20260512-gable-fs-1q2026-th.pdf,IS,thousand,6,,ต้นทุนขายและให้บริการ,ต้นทุนขายและให้บริการ,COGS,COGS,1.0,-1214198.0,-1147399.0,-1024146.0,-941316.0
GABLE,20260512-gable-fs-1q2026-th.pdf,IS,thousand,6,,กําไรขัEนต้ น,กําไรขัEนต้ น,GROSS_PROFIT,GROSS_PROFIT,1.0,290253.0,233813.0,224578.0,180708.0
GABLE,20260512-gable-fs-1q2026-th.pdf,IS,thousand,6,,รายได้เงินปันผล 2,รายได้เงินปันผล 2,DIVIDEND_INCOME,DIVIDEND_INCOME,1.0,,,120000.0,
GABLE,20260512-gable-fs-1q2026-th.pdf,IS,thousand,6,,รายได้ค ่าบริหารจัดการ,รายได้ค ่าบริหารจัดการ,MANAGEMENT_FEE_INCOME,MANAGEMENT_FEE_INCOME,1.0,,,3721.0,3471.0
GABLE,20260512-gable-fs-1q2026-th.pdf,IS,thousand,6,,รายได้อนืB,รายได้อนืB,OTHER_INCOME,OTHER_INCOME,1.0,15235.0,5067.0,9852.0,3708.0
GABLE,20260512-gable-fs-1q2026-th.pdf,IS,thousand,6,,กําไรก่อนค่าใช้จ่าย,กําไรก่อนค่าใช้จ่าย,PROFIT_BEFORE_EXPENSES,PROFIT_BEFORE_EXPENSES,1.0,305488.0,238880.0,358151.0,187887.0
GABLE,20260512-gable-fs-1q2026-th.pdf,IS,thousand,6,,ค ่าใช้จ่ายในการขายและจัดจําหน่าย,ค ่าใช้จ่ายในการขายและจัดจําหน่าย,SELLING_EXPENSES,SELLING_EXPENSES,1.0,-97528.0,-95168.0,-80806.0,-80963.0
GABLE,20260512-gable-fs-1q2026-th.pdf,IS,thousand,6,,ค ่าใช้จ่ายในการบริหาร,ค ่าใช้จ่ายในการบริหาร,ADMIN_EXPENSES,ADMIN_EXPENSES,1.0,-103209.0,-143264.0,-79426.0,-121493.0
GABLE,20260512-gable-fs-1q2026-th.pdf,IS,thousand,6,,ค ่าใช้จ่ายอืนB,ค ่าใช้จ่ายอืนB,OTHER_EXPENSES,OTHER_EXPENSES,1.0,-302.0,,-457.0,-709.0
GABLE,20260512-gable-fs-1q2026-th.pdf,IS,thousand,6,,รวมค่าใช้จ่าย,รวมค่าใช้จ่าย,TOTAL_EXPENSES,TOTAL_EXPENSES,1.0,-201039.0,-238432.0,-160689.0,-203165.0
GABLE,20260512-gable-fs-1q2026-th.pdf,IS,thousand,6,,กําไร (ขาดทุน) จากการดําเน ินงาน,กําไร (ขาดทุน) จากการดําเน ินงาน,OPERATING_PROFIT,OPERATING_PROFIT,1.0,104449.0,448.0,197462.0,-15278.0
GABLE,20260512-gable-fs-1q2026-th.pdf,IS,thousand,6,,ส่วนแบ่งก ําไร (ขาดทุน) จากเงินลงทุนในบริษทั ร่วม,ส่วนแบ่งก ําไร (ขาดทุน) จากเงินลงทุนในบริษทั ร่วม,SHARE_OF_PROFIT_ASSOCIATE,SHARE_OF_PROFIT_ASSOCIATE,1.0,-69.0,104.0,,
GABLE,20260512-gable-fs-1q2026-th.pdf,IS,thousand,6,,รายได้ทางการเงิน,รายได้ทางการเงิน,FINANCE_INCOME,FINANCE_INCOME,1.0,43.0,25.0,194.0,257.0
GABLE,20260512-gable-fs-1q2026-th.pdf,IS,thousand,6,,ต้นทุนทางการเงิน,ต้นทุนทางการเงิน,FINANCE_COST,FINANCE_COST,1.0,-1055.0,-1134.0,-799.0,-807.0
GABLE,20260512-gable-fs-1q2026-th.pdf,IS,thousand,6,,กําไร (ขาดทุน) ก่อนค่าใช้จ่ายภาษีเงินได้,กําไร (ขาดทุน) ก่อนค่าใช้จ่ายภาษีเงินได้,PROFIT_BEFORE_TAX,PROFIT_BEFORE_TAX,1.0,103368.0,-557.0,196857.0,-15828.0
GABLE,20260512-gable-fs-1q2026-th.pdf,IS,thousand,6,,ค ่าใช้จ่ายภาษีเงินได้ 10,ค ่าใช้จ่ายภาษีเงินได้ 10,INCOME_TAX_EXPENSE,INCOME_TAX_EXPENSE,1.0,-20581.0,-6790.0,-15130.0,-3466.0
GABLE,20260512-gable-fs-1q2026-th.pdf,IS,thousand,6,,กําไร (ขาดทุน) สําหรับงวด,กําไร (ขาดทุน) สําหรับงวด,NET_PROFIT,NET_PROFIT,1.0,82787.0,-7347.0,181727.0,-19294.0
GABLE,20260512-gable-fs-1q2026-th.pdf,IS,thousand,6,กำไรขาดทุนเบ็ดเสร็จอื่น,ทีเB ป็ นเงินตราต่างประเทศ,ผลต่างของอัตราแลกเปลียB นจากการแปลงค ่างบการเงิน ทีเB ป็ นเงินตราต่างประเทศ,OCI_FX_TRANSLATION,OCI_FX_TRANSLATION,1.0,118.0,-5.0,,
GABLE,20260512-gable-fs-1q2026-th.pdf,IS,thousand,6,กำไรขาดทุนเบ็ดเสร็จอื่น,กําไรขาดทุนเบ็ดเสร็จอื<นสําหรับงวด,กําไรขาดทุนเบ็ดเสร็จอื<นสําหรับงวด,OCI_TOTAL,OCI_TOTAL,1.0,118.0,-5.0,,
GABLE,20260512-gable-fs-1q2026-th.pdf,IS,thousand,6,กำไรขาดทุนเบ็ดเสร็จอื่น,กําไรขาดทุนเบ็ดเสร็จรวมสําหรับงวด,กําไรขาดทุนเบ็ดเสร็จรวมสําหรับงวด,TOTAL_COMPREHENSIVE_INCOME,TOTAL_COMPREHENSIVE_INCOME,1.0,82905.0,-7352.0,181727.0,-19294.0
GABLE,20260512-gable-fs-1q2026-th.pdf,IS,thousand,6,การแบ่งปันกำไร (ขาดทุน),ส่วนทีเB ป็ นของผถ้ ู อื หุน้ ของบริษทั ฯ,การแบ่งปันกำไร (ขาดทุน) ส่วนทีเB ป็ นของผถ้ ู อื หุน้ ของบริษทั ฯ,PROFIT_ATTRIB_PARENT,PROFIT_ATTRIB_PARENT,1.0,83951.0,-8183.0,181727.0,-19294.0
GABLE,20260512-gable-fs-1q2026-th.pdf,IS,thousand,6,การแบ่งปันกำไร (ขาดทุน),ส่วนทีเB ป็ นของผม้ ู ีส่วนได้เสียทีไB ม่มีอ ํานาจควบค ุมของบริษทั ย่อย,การแบ่งปันกำไร (ขาดทุน) ส่วนทีเB ป็ นของผม้ ู ีส่วนได้เสียทีไB ม่มีอ ํานาจควบค ุมของบริษทั ย่อย,PROFIT_ATTRIB_NCI,PROFIT_ATTRIB_NCI,1.0,-1164.0,836.0,,
GABLE,20260512-gable-fs-1q2026-th.pdf,IS,thousand,6,การแบ่งปันกำไรขาดทุนเบ็ดเสร็จรวม,ส่วนทีเB ป็ นของผถ้ ู อื หุน้ ของบริษทั ฯ,การแบ่งปันกำไรขาดทุนเบ็ดเสร็จรวม ส่วนทีเB ป็ นของผถ้ ู อื หุน้ ของบริษทั ฯ,TCI_ATTRIB_PARENT,TCI_ATTRIB_PARENT,1.0,84069.0,-8188.0,181727.0,-19294.0
GABLE,20260512-gable-fs-1q2026-th.pdf,IS,thousand,6,การแบ่งปันกำไรขาดทุนเบ็ดเสร็จรวม,ส่วนทีเB ป็ นของผม้ ู ีส่วนได้เสียทีไB ม่มีอ ํานาจควบค ุมของบริษทั ย่อย,การแบ่งปันกำไรขาดทุนเบ็ดเสร็จรวม ส่วนทีเB ป็ นของผม้ ู ีส่วนได้เสียทีไB ม่มีอ ํานาจควบค ุมของบริษทั ย่อย,TCI_ATTRIB_NCI,TCI_ATTRIB_NCI,1.0,-1164.0,836.0,,
GABLE,20260512-gable-fs-1q2026-th.pdf,IS,thousand,6,กำไรขาดทุนต่อหุ้น,ก ําไร (ขาดทุน) ส่วนทีเB ป็ นของผถ้ ู อื หุน้ ของบริษทั ฯ,ก ําไร (ขาดทุน) ต่อหุน้ ขั@นพืน@ ฐาน ก ําไร (ขาดทุน) ส่วนทีเB ป็ นของผถ้ ู อื หุน้ ของบริษทั ฯ,EPS,EPS,1.0,0.12,-0.01,0.26,-0.03
BBIK,20260513-bbik-fs-1q2026-th.pdf,IS,baht,6,,รายได้จากการให้บริการ 16,รายได้จากการให้บริการ 16,REVENUE_SERVICE,REVENUE_SERVICE,1.0,370571059.0,346661884.0,166356212.0,198784615.0
BBIK,20260513-bbik-fs-1q2026-th.pdf,IS,baht,6,,ต้นทุนการให้บริการ,ต้นทุนการให้บริการ,COGS_SERVICE,COGS_SERVICE,1.0,-172660897.0,-167851902.0,-111207480.0,-119606113.0
BBIK,20260513-bbik-fs-1q2026-th.pdf,IS,baht,6,,กําไรขัIนต้ น,กําไรขัIนต้ น,GROSS_PROFIT,GROSS_PROFIT,1.0,197910162.0,178809982.0,55148732.0,79178502.0
BBIK,20260513-bbik-fs-1q2026-th.pdf,IS,baht,6,,ี8 องก ัน 4,ี8 องก ัน 4,,,0.694,292172.0,313224.0,24828840.0,12059378.0
BBIK,20260513-bbik-fs-1q2026-th.pdf,IS,baht,6,,ก ําไรจากอัตราแลกเปลีย น,ก ําไรจากอัตราแลกเปลีย น,FX_GAIN,FX_GAIN,1.0,1641851.0,,1886427.0,
BBIK,20260513-bbik-fs-1q2026-th.pdf,IS,baht,6,,เงินปันผลรับ 4 และ 5.3,เงินปันผลรับ,DIVIDEND_INCOME,DIVIDEND_INCOME,1.0,,1474321.0,,36474321.0
BBIK,20260513-bbik-fs-1q2026-th.pdf,IS,baht,6,,รายได้อนื8,รายได้อนื8,OTHER_INCOME,OTHER_INCOME,1.0,402974.0,757130.0,314844.0,391313.0
BBIK,20260513-bbik-fs-1q2026-th.pdf,IS,baht,6,,ค ่าใช้จ่ายในการขาย,ค ่าใช้จ่ายในการขาย,SELLING_EXPENSES,SELLING_EXPENSES,1.0,-31919122.0,-35731445.0,-16709894.0,-18787442.0
BBIK,20260513-bbik-fs-1q2026-th.pdf,IS,baht,6,,ค ่าใช้จ่ายในการบริหาร,ค ่าใช้จ่ายในการบริหาร,ADMIN_EXPENSES,ADMIN_EXPENSES,1.0,-90610376.0,-77452068.0,-32950083.0,-25702088.0
BBIK,20260513-bbik-fs-1q2026-th.pdf,IS,baht,6,,กําไรจากกิจกรรมดําเน ินงาน,กําไรจากกิจกรรมดําเน ินงาน,OPERATING_PROFIT,OPERATING_PROFIT,1.0,77717661.0,68171144.0,32518866.0,83613984.0
BBIK,20260513-bbik-fs-1q2026-th.pdf,IS,baht,6,,รายได้ทางการเงิน,รายได้ทางการเงิน,FINANCE_INCOME,FINANCE_INCOME,1.0,843387.0,728272.0,766216.0,615448.0
BBIK,20260513-bbik-fs-1q2026-th.pdf,IS,baht,6,,ต้นทุนทางการเงิน,ต้นทุนทางการเงิน,FINANCE_COST,FINANCE_COST,1.0,-1629812.0,-1755700.0,-788445.0,-843155.0
BBIK,20260513-bbik-fs-1q2026-th.pdf,IS,baht,6,,ส่วนแบ่งก ําไรของบริษทั ร่วมและการร่วมค ้าทีใ8 ช้วิธีส่วนได้เสีย 7,ส่วนแบ่งก ําไรของบริษทั ร่วมและการร่วมค ้าทีใ8 ช้วิธีส่วนได้เสีย 7,SHARE_OF_PROFIT_ASSOCIATE,SHARE_OF_PROFIT_ASSOCIATE,1.0,7050420.0,9356055.0,,
BBIK,20260513-bbik-fs-1q2026-th.pdf,IS,baht,6,,กําไรก่อนภาษีเงินได้,กําไรก่อนภาษีเงินได้,PROFIT_BEFORE_TAX,PROFIT_BEFORE_TAX,1.0,83981656.0,76499771.0,32496637.0,83386277.0
BBIK,20260513-bbik-fs-1q2026-th.pdf,IS,baht,6,,ค ่าใช้จ่ายภาษีเงินได้,ค ่าใช้จ่ายภาษีเงินได้,INCOME_TAX_EXPENSE,INCOME_TAX_EXPENSE,1.0,-3918940.0,-3732407.0,-3113175.0,-4292678.0
BBIK,20260513-bbik-fs-1q2026-th.pdf,IS,baht,6,,กําไรสําหรับงวด,กําไรสําหรับงวด,NET_PROFIT,NET_PROFIT,1.0,80062716.0,72767364.0,29383462.0,79093599.0
BBIK,20260513-bbik-fs-1q2026-th.pdf,IS,baht,6,กำไรขาดทุนเบ็ดเสร็จอื่น,ผลต่างของอัตราแลกเปลีย นจากการแปลงค ่างบการเงิน,ผลต่างของอัตราแลกเปลีย นจากการแปลงค ่างบการเงิน,FX_TRANSLATION,FX_TRANSLATION,1.0,-165896.0,39596.0,,
BBIK,20260513-bbik-fs-1q2026-th.pdf,IS,baht,6,กำไรขาดทุนเบ็ดเสร็จอื่น,รวมรายการทีอ าจถูกจัดประเภทใหม่ไ ว้ในก ําไรหรือขาดทุนในภายหลัง,รวมรายการทีอ าจถูกจัดประเภทใหม่ไ ว้ในก ําไรหรือขาดทุนในภายหลัง,OCI_RECLASSIFIABLE_TOTAL,OCI_RECLASSIFIABLE_TOTAL,1.0,-165896.0,39596.0,,
BBIK,20260513-bbik-fs-1q2026-th.pdf,IS,baht,6,กำไรขาดทุนเบ็ดเสร็จอื่น,ก ําไร (ขาดทุน) จากอัตราแลกเปลีย นของสินทรัพย์ทางการเงิน - สุทธิจากภาษี,ก ําไร (ขาดทุน) จากอัตราแลกเปลีย นของสินทรัพย์ทางการเงิน,FX_GAIN_FIN_ASSETS,FX_GAIN_FIN_ASSETS,1.0,705600.0,-35056.0,705600.0,-35056.0
BBIK,20260513-bbik-fs-1q2026-th.pdf,IS,baht,6,กำไรขาดทุนเบ็ดเสร็จอื่น,ขาดทุนจากการวัดมูลค ่ายุตธิ รรมของสินทรัพย์ทางการเงิน - สุทธิจากภาษี,ขาดทุนจากการวัดมูลค ่ายุตธิ รรมของสินทรัพย์ทางการเงิน,FV_LOSS_FIN_ASSETS,FV_LOSS_FIN_ASSETS,1.0,-130851.0,-766312.0,-130851.0,-766312.0
BBIK,20260513-bbik-fs-1q2026-th.pdf,IS,baht,6,กำไรขาดทุนเบ็ดเสร็จอื่น,ก ําไรจากการประมาณการตามหลักคณิตศาสตร์ประก ันภัย - สุทธิจากภาษี,ก ําไรจากการประมาณการตามหลักคณิตศาสตร์ประก ันภัย,ACTUARIAL_GAIN,ACTUARIAL_GAIN,1.0,425544.0,,,
BBIK,20260513-bbik-fs-1q2026-th.pdf,IS,baht,6,กำไรขาดทุนเบ็ดเสร็จอื่น,รวมรายการทีจ ะไม่ถกู จัดประเภทใหม่ไ ว้ในก ําไรหรือขาดทุนในภายหลัง,รวมรายการทีจ ะไม่ถกู จัดประเภทใหม่ไ ว้ในก ําไรหรือขาดทุนในภายหลัง,OCI_NON_RECLASSIFIABLE_TOTAL,OCI_NON_RECLASSIFIABLE_TOTAL,1.0,1000293.0,-801368.0,574749.0,-801368.0
BBIK,20260513-bbik-fs-1q2026-th.pdf,IS,baht,6,กำไรขาดทุนเบ็ดเสร็จอื่น,กําไร (ขาดทุน) เบ็ดเสร็จอืNนสําหรับงวด - สุทธิจากภาษี,กําไร (ขาดทุน) เบ็ดเสร็จอืNนสําหรับงวด - สุทธิจากภาษี,OCI_TOTAL,OCI_TOTAL,1.0,834397.0,-761772.0,574749.0,-801368.0
BBIK,20260513-bbik-fs-1q2026-th.pdf,IS,baht,6,กำไรขาดทุนเบ็ดเสร็จอื่น,กําไรเบ็ดเสร็จรวมสําหรับงวด,กําไรเบ็ดเสร็จรวมสําหรับงวด,TOTAL_COMPREHENSIVE_INCOME,TOTAL_COMPREHENSIVE_INCOME,1.0,80897113.0,72005592.0,29958211.0,78292231.0
BBIK,20260513-bbik-fs-1q2026-th.pdf,IS,baht,6,กำไรขาดทุนเบ็ดเสร็จอื่น,หมายเหตุประกอบงบการเงินเป็ นส่วนหนึ8งของงบการเงินระหว่างกาลนีD,หมายเหตุประกอบงบการเงินเป็ นส่วนหนึ8งของงบการเงินระหว่างกาลนีD,,,0.5,,,,4.0
BBIK,20260513-bbik-fs-1q2026-th.pdf,IS,baht,7,,ส่วนทีเ8 ป็ นของบริษทั ใหญ ่ 15,ส่วนทีเ8 ป็ นของบริษทั ใหญ ่ 15,,,0.868,80759282.0,72478103.0,29383462.0,79093599.0
BBIK,20260513-bbik-fs-1q2026-th.pdf,IS,baht,7,,ส่วนทีเ8 ป็ นของส่วนได้เสียทีไ8 ม่มีอ ํานาจควบค ุม,ส่วนทีเ8 ป็ นของส่วนได้เสียทีไ8 ม่มีอ ํานาจควบค ุม,,,0.867,-696566.0,289261.0,,
BBIK,20260513-bbik-fs-1q2026-th.pdf,IS,baht,7,,ส่วนทีเ8 ป็ นของบริษทั ใหญ ่,ส่วนทีเ8 ป็ นของบริษทั ใหญ ่,,,0.849,81630176.0,71707619.0,29958211.0,78292231.0
BBIK,20260513-bbik-fs-1q2026-th.pdf,IS,baht,7,,ส่วนทีเ8 ป็ นของส่วนได้เสียทีไ8 ม่มีอ ํานาจควบค ุม,ส่วนทีเ8 ป็ นของส่วนได้เสียทีไ8 ม่มีอ ํานาจควบค ุม,,,0.867,-733063.0,297973.0,,
BBIK,20260513-bbik-fs-1q2026-th.pdf,IS,baht,7,,ก ําไร (บาทต่อหุน้ ),ก ําไร (บาทต่อหุน้ ),EPS,EPS,1.0,0.4,0.36,0.15,0.4
BBIK,20260513-bbik-fs-1q2026-th.pdf,IS,baht,7,,จํานวนหุน้ สามัญถัวเฉลีย ถ่วงนาD ํ หนัก (หุน้ ),จํานวนหุน้ สามัญถัวเฉลีย ถ่วงนาD ํ หนัก (หุน้ ),WEIGHTED_AVG_SHARES,WEIGHTED_AVG_SHARES,1.0,200015474.0,200015474.0,200015474.0,200015474.0
BBIK,20260513-bbik-fs-1q2026-th.pdf,IS,baht,7,,หมายเหตุประกอบงบการเงินเป็ นส่วนหนึ8งของงบการเงินระหว่างกาลนีD,หมายเหตุประกอบงบการเงินเป็ นส่วนหนึ8งของงบการเงินระหว่างกาลนีD,,,0.478,,,,5.0
PRG,20260513-prg-fs-1q2026-th.pdf,IS,thousand,6,รายได้,รายได้จากการขาย,รายได้จากการขาย,,,0.75,534196.0,687440.0,621.0,1003.0
PRG,20260513-prg-fs-1q2026-th.pdf,IS,thousand,6,รายได้,รายได้จากการให้เช่าและบริการ,รายได้จากการให้เช่าและบริการ,REVENUE_SERVICE,REVENUE_SERVICE,0.923,11895.0,11341.0,538.0,406.0
PRG,20260513-prg-fs-1q2026-th.pdf,IS,thousand,6,รายได้,รายได้อนืC,รายได้อนืC,OTHER_INCOME,OTHER_INCOME,1.0,2361.0,1923.0,27.0,118.0
PRG,20260513-prg-fs-1q2026-th.pdf,IS,thousand,6,รายได้,รวมรายได้,รวมรายได้,TOTAL_REVENUE,TOTAL_REVENUE,1.0,548452.0,700704.0,1186.0,1527.0
PRG,20260513-prg-fs-1q2026-th.pdf,IS,thousand,6,ค่าใช้จ่าย,ต้นทุนขาย,ต้นทุนขาย,,,0.737,472390.0,629707.0,560.0,787.0
PRG,20260513-prg-fs-1q2026-th.pdf,IS,thousand,6,ค่าใช้จ่าย,ต้นทุนการให้เช่าและบริการ,ต้นทุนการให้เช่าและบริการ,COGS_SERVICE,COGS_SERVICE,0.917,12581.0,11545.0,309.0,405.0
PRG,20260513-prg-fs-1q2026-th.pdf,IS,thousand,6,ค่าใช้จ่าย,ค ่าใช้จ่ายในการขายและจัดจําหน่าย,ค ่าใช้จ่ายในการขายและจัดจําหน่าย,SELLING_EXPENSES,SELLING_EXPENSES,1.0,35079.0,36931.0,1673.0,1435.0
PRG,20260513-prg-fs-1q2026-th.pdf,IS,thousand,6,ค่าใช้จ่าย,ค ่าใช้จ่ายในการบริหาร,ค ่าใช้จ่ายในการบริหาร,ADMIN_EXPENSES,ADMIN_EXPENSES,1.0,19706.0,19179.0,10087.0,10332.0
PRG,20260513-prg-fs-1q2026-th.pdf,IS,thousand,6,ค่าใช้จ่าย,รวมค่าใช้จ่าย,รวมค่าใช้จ่าย,TOTAL_EXPENSES,TOTAL_EXPENSES,1.0,539756.0,697362.0,12629.0,12959.0
PRG,20260513-prg-fs-1q2026-th.pdf,IS,thousand,6,ค่าใช้จ่าย,กําไร (ขาดทุน) จากการดําเน ินงาน,กําไร (ขาดทุน) จากการดําเน ินงาน,OPERATING_PROFIT,OPERATING_PROFIT,1.0,8696.0,3342.0,-11443.0,-11432.0
PRG,20260513-prg-fs-1q2026-th.pdf,IS,thousand,6,ค่าใช้จ่าย,รายได้ทางการเงิน,รายได้ทางการเงิน,FINANCE_INCOME,FINANCE_INCOME,1.0,,,13508.0,12599.0
PRG,20260513-prg-fs-1q2026-th.pdf,IS,thousand,6,ค่าใช้จ่าย,ต้นทุนทางการเงิน,ต้นทุนทางการเงิน,FINANCE_COST,FINANCE_COST,1.0,-1365.0,-1566.0,-2445.0,-2854.0
PRG,20260513-prg-fs-1q2026-th.pdf,IS,thousand,6,ค่าใช้จ่าย,กําไร (ขาดทุน) ก่อนภาษีเงินได้,กําไร (ขาดทุน) ก่อนภาษีเงินได้,PROFIT_BEFORE_TAX,PROFIT_BEFORE_TAX,0.923,7331.0,1776.0,-380.0,-1687.0
PRG,20260513-prg-fs-1q2026-th.pdf,IS,thousand,6,ค่าใช้จ่าย,รายได้ (ค ่าใช้จ่าย) ภาษีเงินได้,รายได้ (ค ่าใช้จ่าย) ภาษีเงินได้,INCOME_TAX_EXPENSE,INCOME_TAX_EXPENSE,1.0,-2146.0,56.0,33.0,8.0
PRG,20260513-prg-fs-1q2026-th.pdf,IS,thousand,6,ค่าใช้จ่าย,กําไร (ขาดทุน) สําหรับงวด,กําไร (ขาดทุน) สําหรับงวด,NET_PROFIT,NET_PROFIT,1.0,5185.0,1832.0,-347.0,-1679.0
PRG,20260513-prg-fs-1q2026-th.pdf,IS,thousand,6,กำไรขาดทุนเบ็ดเสร็จอื่น,มูลค ่ายุตธิ รรมผ่านก ําไรขาดทุนเบ็ดเสร็จอืนC - สุทธิจากภาษีเงินได้,มูลค ่ายุตธิ รรมผ่านก ําไรขาดทุนเบ็ดเสร็จอืนC - สุทธิจากภาษีเงินได้,,,0.869,-140128.0,-1634827.0,-133380.0,-1556104.0
PRG,20260513-prg-fs-1q2026-th.pdf,IS,thousand,6,กำไรขาดทุนเบ็ดเสร็จอื่น,ในภายหลัง - สุทธิจากภาษีเงินได้,ในภายหลัง - สุทธิจากภาษีเงินได้,,,0.786,-140128.0,-1634827.0,-133380.0,-1556104.0
PRG,20260513-prg-fs-1q2026-th.pdf,IS,thousand,6,กำไรขาดทุนเบ็ดเสร็จอื่น,กําไรขาดทุนเบ็ดเสร็จอื1นสําหรับงวด,กําไรขาดทุนเบ็ดเสร็จอื1นสําหรับงวด,OCI_TOTAL,OCI_TOTAL,1.0,-140128.0,-1634827.0,-133380.0,-1556104.0
PRG,20260513-prg-fs-1q2026-th.pdf,IS,thousand,6,กำไรขาดทุนเบ็ดเสร็จอื่น,กําไรขาดทุนเบ็ดเสร็จรวมสําหรับงวด,กําไรขาดทุนเบ็ดเสร็จรวมสําหรับงวด,TOTAL_COMPREHENSIVE_INCOME,TOTAL_COMPREHENSIVE_INCOME,1.0,-134943.0,-1632995.0,-133727.0,-1557783.0
PRG,20260513-prg-fs-1q2026-th.pdf,IS,thousand,6,กำไรต่อหุ้น,ก ําไร (ขาดทุน) ต่อหุน้ ขันA พืนA ฐาน,ก ําไร (ขาดทุน) ต่อหุน้ ขันA พืนA ฐาน,EPS,EPS,1.0,0.007,0.002,-0.001,-0.002
PRG,20260513-prg-fs-1q2026-th.pdf,IS,thousand,6,กำไรต่อหุ้น,ก ําไร (ขาดทุน) ต่อหุน้ ปรับลด,ก ําไร (ขาดทุน) ต่อหุน้ ปรับลด,,,0.714,0.007,0.002,-0.001,-0.002
SAT,20260514-sat-fs-1q2026-th.pdf,IS,thousand,7,,วันที่,วันที่,,,0.5,31.0,,31.0,
SAT,20260514-sat-fs-1q2026-th.pdf,IS,thousand,7,รายได้,"รายได้จากการขาย 3, 6","รายได้จากการขาย 3, 6",,,0.75,1823407.0,1826687.0,,
SAT,20260514-sat-fs-1q2026-th.pdf,IS,thousand,7,รายได้,"รายได้ค่าธรรมเนี ยมในการบริ หารจัดการ 3, 6","รายได้ค่าธรรมเนี ยมในการบริ หารจัดการ 3, 6",,,0.706,420.0,420.0,110020.0,64320.0
SAT,20260514-sat-fs-1q2026-th.pdf,IS,thousand,7,รายได้,กาไรจากอัตราแลกเปลี่ ยนสุ ทธิ,กาไรจากอัตราแลกเปลี่ ยนสุ ทธิ,,,0.897,3328.0,785.0,4.0,
SAT,20260514-sat-fs-1q2026-th.pdf,IS,thousand,7,รายได้,รายได้อื่น 3,รายได้อื่น 3,OTHER_INCOME,OTHER_INCOME,1.0,19641.0,23853.0,5017.0,6661.0
SAT,20260514-sat-fs-1q2026-th.pdf,IS,thousand,7,รายได้,รวมรายได้,รวมรายได้,TOTAL_REVENUE,TOTAL_REVENUE,1.0,1846796.0,1851745.0,115041.0,70981.0
SAT,20260514-sat-fs-1q2026-th.pdf,IS,thousand,7,ค่าใช้จ่าย,ต้นทุนขาย 3,ต้นทุนขาย 3,,,0.737,1462528.0,1478175.0,,
SAT,20260514-sat-fs-1q2026-th.pdf,IS,thousand,7,ค่าใช้จ่าย,"ต้นทุนในการจัดจาหน่าย 3, 10","ต้นทุนในการจัดจาหน่าย 3, 10",,,0.788,32139.0,35153.0,,
SAT,20260514-sat-fs-1q2026-th.pdf,IS,thousand,7,ค่าใช้จ่าย,"ค่าใช้จ่ายในการบริ หาร 3, 10","ค่าใช้จ่ายในการบริ หาร 3, 10",ADMIN_EXPENSES,ADMIN_EXPENSES,1.0,149143.0,130329.0,110455.0,92340.0
SAT,20260514-sat-fs-1q2026-th.pdf,IS,thousand,7,ค่าใช้จ่าย,รวมค่ าใช้ จ่าย,รวมค่ าใช้ จ่าย,TOTAL_EXPENSES,TOTAL_EXPENSES,1.0,1643810.0,1643657.0,110455.0,92340.0
SAT,20260514-sat-fs-1q2026-th.pdf,IS,thousand,7,ค่าใช้จ่าย,กาไร (ขาดทุน) จากกิจกรรมดาเนินงาน,กาไร (ขาดทุน) จากกิจกรรมดาเนินงาน,,,0.882,202986.0,208088.0,4586.0,-21359.0
SAT,20260514-sat-fs-1q2026-th.pdf,IS,thousand,7,ค่าใช้จ่าย,ต้นทุนทางการเงิน,ต้นทุนทางการเงิน,FINANCE_COST,FINANCE_COST,1.0,-859.0,-1165.0,-491.0,-215.0
SAT,20260514-sat-fs-1q2026-th.pdf,IS,thousand,7,ค่าใช้จ่าย,ที่ใช้วิธีส่วนได้เสี ย 6,ที่ใช้วิธีส่วนได้เสี ย 6,,,0.794,21716.0,13325.0,,
SAT,20260514-sat-fs-1q2026-th.pdf,IS,thousand,7,ค่าใช้จ่าย,กาไร (ขาดทุน) ก่ อนภาษีเงินได้,กาไร (ขาดทุน) ก่ อนภาษีเงินได้,PROFIT_BEFORE_TAX,PROFIT_BEFORE_TAX,0.923,223843.0,220248.0,4095.0,-21574.0
SAT,20260514-sat-fs-1q2026-th.pdf,IS,thousand,7,ค่าใช้จ่าย,(ค่าใช้จ่าย) รายได้ภาษีเงินได้,(ค่าใช้จ่าย) รายได้ภาษีเงินได้,,,0.857,-13221.0,-31839.0,-23.0,18.0
SAT,20260514-sat-fs-1q2026-th.pdf,IS,thousand,7,ค่าใช้จ่าย,กาไร (ขาดทุน) สาหรับงวด,กาไร (ขาดทุน) สาหรับงวด,NET_PROFIT,NET_PROFIT,1.0,210622.0,188409.0,4072.0,-21556.0
SAT,20260514-sat-fs-1q2026-th.pdf,IS,thousand,7,ค่าใช้จ่าย,กาไร (ขาดทุน) ต่ อหุ้นขั้นพืน้ ฐาน (บาท),กาไร (ขาดทุน) ต่ อหุ้นขั้นพืน้ ฐาน (บาท),EPS,EPS,0.941,0.5,0.44,0.01,-0.05
SAT,20260514-sat-fs-1q2026-th.pdf,IS,thousand,7,การแบ่งปันกำไร (ขาดทุน),ส่ วนที่เป็ นของบริ ษทั ใหญ่,การแบ่งปันกำไร (ขาดทุน) ส่ วนที่เป็ นของบริ ษทั ใหญ่,PROFIT_ATTRIB_PARENT,PROFIT_ATTRIB_PARENT,1.0,211920.0,189198.0,4072.0,-21556.0
SAT,20260514-sat-fs-1q2026-th.pdf,IS,thousand,7,การแบ่งปันกำไร (ขาดทุน),ส่ วนที่เป็ นของส่ วนได้เสี ยที่ไม่มีอานาจควบคุม,การแบ่งปันกำไร (ขาดทุน) ส่ วนที่เป็ นของส่ วนได้เสี ยที่ไม่มีอานาจควบคุม,PROFIT_ATTRIB_NCI,PROFIT_ATTRIB_NCI,1.0,-1298.0,-789.0,,
SAT,20260514-sat-fs-1q2026-th.pdf,IS,thousand,7,การแบ่งปันกำไร (ขาดทุน),กาไร (ขาดทุน) สาหรับงวด,กาไร (ขาดทุน) สาหรับงวด,NET_PROFIT,NET_PROFIT,1.0,210622.0,188409.0,4072.0,-21556.0
SAT,20260514-sat-fs-1q2026-th.pdf,IS,thousand,8,,วันที่,วันที่,,,0.5,31.0,,,
SAT,20260514-sat-fs-1q2026-th.pdf,IS,thousand,8,,กาไร (ขาดทุน) สาหรับงวด,กาไร (ขาดทุน) สาหรับงวด,NET_PROFIT,NET_PROFIT,1.0,210622.0,188409.0,4072.0,-21556.0
SAT,20260514-sat-fs-1q2026-th.pdf,IS,thousand,8,กำไรขาดทุนเบ็ดเสร็จอื่น,ผลกาไร (ขาดทุน) จากการวัดมูลค่าสิ นทรัพย์ทางการเงิน,ผลกาไร (ขาดทุน) จากการวัดมูลค่าสิ นทรัพย์ทางการเงิน,,,0.794,-334.0,37.0,-85.0,-21.0
SAT,20260514-sat-fs-1q2026-th.pdf,IS,thousand,8,กำไรขาดทุนเบ็ดเสร็จอื่น,กาไรหรื อขาดทุนในภายหลัง,กาไรหรื อขาดทุนในภายหลัง,,,0.854,62.0,-1.0,17.0,4.0
SAT,20260514-sat-fs-1q2026-th.pdf,IS,thousand,8,กำไรขาดทุนเบ็ดเสร็จอื่น,ขาดทุนในภายหลัง,รวมรายการทีอ่ าจถูกจัดประเภทใหม่ ไว้ในกาไรหรื อ ขาดทุนในภายหลัง,OCI_RECLASSIFIABLE_TOTAL,OCI_RECLASSIFIABLE_TOTAL,1.0,-272.0,36.0,-68.0,-17.0
SAT,20260514-sat-fs-1q2026-th.pdf,IS,thousand,8,กำไรขาดทุนเบ็ดเสร็จอื่น,กาไร (ขาดทุน) เบ็ดเสร็จอื่นสาหรับงวด - สุ ทธิจากภาษีเงินได้,กาไร (ขาดทุน) เบ็ดเสร็จอื่นสาหรับงวด - สุ ทธิจากภาษีเงินได้,OCI_TOTAL,OCI_TOTAL,0.947,-272.0,36.0,-68.0,-17.0
SAT,20260514-sat-fs-1q2026-th.pdf,IS,thousand,8,กำไรขาดทุนเบ็ดเสร็จอื่น,กาไร (ขาดทุน) เบ็ดเสร็จรวมสาหรับงวด,กาไร (ขาดทุน) เบ็ดเสร็จรวมสาหรับงวด,TOTAL_COMPREHENSIVE_INCOME,TOTAL_COMPREHENSIVE_INCOME,1.0,210350.0,188445.0,4004.0,-21573.0
SAT,20260514-sat-fs-1q2026-th.pdf,IS,thousand,8,การแบ่งปันกำไรขาดทุนเบ็ดเสร็จรวม,ส่ วนที่เป็ นของบริ ษทั ใหญ่,การแบ่งปันกำไรขาดทุนเบ็ดเสร็จรวม ส่ วนที่เป็ นของบริ ษทั ใหญ่,TCI_ATTRIB_PARENT,TCI_ATTRIB_PARENT,1.0,211648.0,189234.0,4004.0,-21573.0
SAT,20260514-sat-fs-1q2026-th.pdf,IS,thousand,8,การแบ่งปันกำไรขาดทุนเบ็ดเสร็จรวม,ส่ วนที่เป็ นของส่ วนได้เสี ยที่ไม่มีอานาจควบคุม,การแบ่งปันกำไรขาดทุนเบ็ดเสร็จรวม ส่ วนที่เป็ นของส่ วนได้เสี ยที่ไม่มีอานาจควบคุม,TCI_ATTRIB_NCI,TCI_ATTRIB_NCI,1.0,-1298.0,-789.0,,
SAT,20260514-sat-fs-1q2026-th.pdf,IS,thousand,8,การแบ่งปันกำไรขาดทุนเบ็ดเสร็จรวม,กาไร (ขาดทุน) เบ็ดเสร็จรวมสาหรับงวด,กาไร (ขาดทุน) เบ็ดเสร็จรวมสาหรับงวด,TOTAL_COMPREHENSIVE_INCOME,TOTAL_COMPREHENSIVE_INCOME,1.0,210350.0,188445.0,4004.0,-21573.0
AIS,FINANCIAL_STATEMENTS_AIS.pdf,IS,thousand,4,รายได้,"รายได้จากการให้บริ การและการให้เช่าอุปกรณ์ 10, 13","รายได้จากการให้บริ การและการให้เช่าอุปกรณ์ 10, 13",,,0.706,45915733.0,45106566.0,714245.0,548450.0
AIS,FINANCIAL_STATEMENTS_AIS.pdf,IS,thousand,4,รายได้,"รายได้จากการขาย 10, 13","รายได้จากการขาย 10, 13",,,0.75,12281709.0,11204281.0,,
AIS,FINANCIAL_STATEMENTS_AIS.pdf,IS,thousand,4,รายได้,รวมรายได้,รวมรายได้,TOTAL_REVENUE,TOTAL_REVENUE,1.0,58197442.0,56310847.0,714245.0,548450.0
AIS,FINANCIAL_STATEMENTS_AIS.pdf,IS,thousand,4,รายได้,ต้นทุนการให้บริ การและการให้เช่าอุปกรณ์ 13,ต้นทุนการให้บริ การและการให้เช่าอุปกรณ์ 13,,,0.688,-21215606.0,-24242236.0,-429391.0,-419675.0
AIS,FINANCIAL_STATEMENTS_AIS.pdf,IS,thousand,4,รายได้,ต้นทุนขาย 13,ต้นทุนขาย 13,,,0.667,-11556332.0,-10726029.0,,
AIS,FINANCIAL_STATEMENTS_AIS.pdf,IS,thousand,4,รายได้,รวมต้ นทุน,รวมต้ นทุน,,,0.714,-32771938.0,-34968265.0,-429391.0,-419675.0
AIS,FINANCIAL_STATEMENTS_AIS.pdf,IS,thousand,4,รายได้,กาไรขั้นต้ น,กาไรขั้นต้ น,GROSS_PROFIT,GROSS_PROFIT,1.0,25425504.0,21342582.0,284854.0,128775.0
AIS,FINANCIAL_STATEMENTS_AIS.pdf,IS,thousand,4,รายได้,ต้นทุนในการจัดจาหน่าย 13,ต้นทุนในการจัดจาหน่าย 13,,,0.667,-1622732.0,-1494612.0,-2.0,
AIS,FINANCIAL_STATEMENTS_AIS.pdf,IS,thousand,4,รายได้,ค่าใช้จ่ายในการบริ หาร 13,ค่าใช้จ่ายในการบริ หาร 13,ADMIN_EXPENSES,ADMIN_EXPENSES,1.0,-5586162.0,-5060482.0,-10686.0,-9196.0
AIS,FINANCIAL_STATEMENTS_AIS.pdf,IS,thousand,4,รายได้,รวมต้ นทุนในการจัดจาหน่ ายและค่ าใช้ จ่ายในการบริหาร,รวมต้ นทุนในการจัดจาหน่ ายและค่ าใช้ จ่ายในการบริหาร,,,0.564,-7208894.0,-6555094.0,-10688.0,-9202.0
AIS,FINANCIAL_STATEMENTS_AIS.pdf,IS,thousand,4,รายได้,กาไรจากกิจกรรมดาเนินงาน,กาไรจากกิจกรรมดาเนินงาน,OPERATING_PROFIT,OPERATING_PROFIT,1.0,18216610.0,14787488.0,274166.0,119573.0
AIS,FINANCIAL_STATEMENTS_AIS.pdf,IS,thousand,4,รายได้,รายได้ทางการเงิน 13,รายได้ทางการเงิน 13,FINANCE_INCOME,FINANCE_INCOME,1.0,92333.0,118977.0,347044.0,489047.0
AIS,FINANCIAL_STATEMENTS_AIS.pdf,IS,thousand,4,รายได้,รายได้อื่น 13,รายได้อื่น 13,OTHER_INCOME,OTHER_INCOME,1.0,71557.0,103209.0,12921.0,13991.0
AIS,FINANCIAL_STATEMENTS_AIS.pdf,IS,thousand,4,รายได้,"ที่ใช้วิธีส่วนได้เสี ย 5, 6","ส่ วนแบ่งกาไรของบริ ษทั ย่อย บริ ษทั ร่ วม และการร่ วมค้า ที่ใช้วิธีส่วนได้เสี ย 5, 6",SHARE_OF_PROFIT_ASSOCIATE,SHARE_OF_PROFIT_ASSOCIATE,0.907,289776.0,248986.0,13428963.0,10449314.0
AIS,FINANCIAL_STATEMENTS_AIS.pdf,IS,thousand,4,รายได้,กาไร (ขาดทุน) จากอัตราแลกเปลี่ยนสุทธิ,กาไร (ขาดทุน) จากอัตราแลกเปลี่ยนสุทธิ,,,0.788,-154595.0,-9396.0,-35528.0,338.0
AIS,FINANCIAL_STATEMENTS_AIS.pdf,IS,thousand,4,รายได้,กาไร (ขาดทุน) จากการวัดมูลค่ายุติธรรมของตราสารอนุพนั ธ์สุทธิ,กาไร (ขาดทุน) จากการวัดมูลค่ายุติธรรมของตราสารอนุพนั ธ์สุทธิ,,,0.873,154707.0,-3784.0,,
AIS,FINANCIAL_STATEMENTS_AIS.pdf,IS,thousand,4,รายได้,ต้นทุนทางการเงิน 13,ต้นทุนทางการเงิน 13,FINANCE_COST,FINANCE_COST,1.0,-1871902.0,-2080596.0,-523977.0,-481440.0
AIS,FINANCIAL_STATEMENTS_AIS.pdf,IS,thousand,4,รายได้,กาไรก่ อนภาษีเงินได้,กาไรก่ อนภาษีเงินได้,PROFIT_BEFORE_TAX,PROFIT_BEFORE_TAX,1.0,16798486.0,13164884.0,13503589.0,10590823.0
AIS,FINANCIAL_STATEMENTS_AIS.pdf,IS,thousand,4,รายได้,ค่าใช้จ่ายภาษีเงินได้ 11,รายได้ ค่าใช้จ่ายภาษีเงินได้ 11,INCOME_TAX_EXPENSE,INCOME_TAX_EXPENSE,1.0,-3302547.0,-2580867.0,-8084.0,-7297.0
AIS,FINANCIAL_STATEMENTS_AIS.pdf,IS,thousand,4,รายได้,กาไรสาหรั บงวด,กาไรสาหรั บงวด,NET_PROFIT,NET_PROFIT,1.0,13495939.0,10584017.0,13495505.0,10583526.0
AIS,FINANCIAL_STATEMENTS_AIS.pdf,IS,thousand,4,การแบ่งปันกำไร,ส่ วนที่เป็ นของผูถ้ ือหุน้ ของบริ ษทั,การแบ่งปันกำไร ส่ วนที่เป็ นของผูถ้ ือหุน้ ของบริ ษทั,PROFIT_ATTRIB_PARENT,PROFIT_ATTRIB_PARENT,1.0,13495505.0,10583526.0,13495505.0,10583526.0
AIS,FINANCIAL_STATEMENTS_AIS.pdf,IS,thousand,4,การแบ่งปันกำไร,ส่ วนที่เป็ นของส่วนได้เสี ยที่ไม่มีอานาจควบคุม,การแบ่งปันกำไร ส่ วนที่เป็ นของส่วนได้เสี ยที่ไม่มีอานาจควบคุม,PROFIT_ATTRIB_NCI,PROFIT_ATTRIB_NCI,1.0,434.0,491.0,,
AIS,FINANCIAL_STATEMENTS_AIS.pdf,IS,thousand,4,การแบ่งปันกำไร,กาไรสาหรั บงวด,กาไรสาหรั บงวด,NET_PROFIT,NET_PROFIT,1.0,13495939.0,10584017.0,13495505.0,10583526.0
AIS,FINANCIAL_STATEMENTS_AIS.pdf,IS,thousand,4,การแบ่งปันกำไร,กาไรต่อหุน้ ขั้นพื้นฐาน,กาไรต่อหุน้ ขั้นพื้นฐาน,EPS,EPS,1.0,4.54,3.56,4.54,3.56
AIS,FINANCIAL_STATEMENTS_AIS.pdf,IS,thousand,4,การแบ่งปันกำไร,กาไรต่อหุน้ ปรับลด,กาไรต่อหุน้ ปรับลด,,,0.737,4.54,3.56,4.54,3.56
AIS,FINANCIAL_STATEMENTS_AIS.pdf,IS,thousand,5,,กาไรสาหรับงวด,กาไรสาหรับงวด,NET_PROFIT,NET_PROFIT,1.0,13495939.0,10584017.0,13495505.0,10583526.0
AIS,FINANCIAL_STATEMENTS_AIS.pdf,IS,thousand,5,กำไรขาดทุนเบ็ดเสร็จอื่น,ขาดทุนจากการป้ องกันความเสี่ยงกระแสเงินสด,ขาดทุนจากการป้ องกันความเสี่ยงกระแสเงินสด,,,0.695,-199005.0,-33254.0,-214623.0,
AIS,FINANCIAL_STATEMENTS_AIS.pdf,IS,thousand,5,กำไรขาดทุนเบ็ดเสร็จอื่น,ส่วนแบ่งกาไร (ขาดทุน) เบ็ดเสร็จอื่นในบริ ษทั ย่อยที่ใช้วิธีส่วนได้เสี ย 5,ส่วนแบ่งกาไร (ขาดทุน) เบ็ดเสร็จอื่นในบริ ษทั ย่อยที่ใช้วิธีส่วนได้เสี ย 5,,,0.657,,,12495.0,-26603.0
AIS,FINANCIAL_STATEMENTS_AIS.pdf,IS,thousand,5,กำไรขาดทุนเบ็ดเสร็จอื่น,ในภายหลัง,ในภายหลัง,,,0.85,3315.0,6651.0,6438.0,
AIS,FINANCIAL_STATEMENTS_AIS.pdf,IS,thousand,5,กำไรขาดทุนเบ็ดเสร็จอื่น,รวมรายการทีจ่ ะถูกจัดประเภทใหม่ ไว้ในกาไรหรือขาดทุนในภายหลัง,รวมรายการทีจ่ ะถูกจัดประเภทใหม่ ไว้ในกาไรหรือขาดทุนในภายหลัง,OCI_RECLASSIFIABLE_TOTAL,OCI_RECLASSIFIABLE_TOTAL,1.0,-195690.0,-26603.0,-195690.0,-26603.0
AIS,FINANCIAL_STATEMENTS_AIS.pdf,IS,thousand,5,กำไรขาดทุนเบ็ดเสร็จอื่น,ด้วยมูลค่ายุติธรรมผ่านกาไรขาดทุนเบ็ดเสร็ จอื่น,ขาดทุนจากเงินลงทุนในตราสารทุนที่กาหนดให้วดั มูลค่า ด้วยมูลค่ายุติธรรมผ่านกาไรขาดทุนเบ็ดเสร็ จอื่น,OCI_FVOCI_EQUITY,OCI_FVOCI_EQUITY,0.946,-3273.0,,,
AIS,FINANCIAL_STATEMENTS_AIS.pdf,IS,thousand,5,กำไรขาดทุนเบ็ดเสร็จอื่น,ส่ วนแบ่งขาดทุนเบ็ดเสร็จอื่นในบริ ษทั ย่อยที่ใช้วิธีส่วนได้เสี ย 5,ส่ วนแบ่งขาดทุนเบ็ดเสร็จอื่นในบริ ษทั ย่อยที่ใช้วิธีส่วนได้เสี ย 5,,,0.618,,,-2619.0,
AIS,FINANCIAL_STATEMENTS_AIS.pdf,IS,thousand,5,กำไรขาดทุนเบ็ดเสร็จอื่น,ในภายหลัง,ในภายหลัง,,,0.861,654.0,,,
AIS,FINANCIAL_STATEMENTS_AIS.pdf,IS,thousand,5,กำไรขาดทุนเบ็ดเสร็จอื่น,รวมรายการทีอ่ าจไม่ ถูกจัดประเภทใหม่ ไว้ในกาไรหรื อขาดทุนในภายหลัง,รวมรายการทีอ่ าจไม่ ถูกจัดประเภทใหม่ ไว้ในกาไรหรื อขาดทุนในภายหลัง,OCI_NON_RECLASSIFIABLE_TOTAL,OCI_NON_RECLASSIFIABLE_TOTAL,1.0,-2619.0,,-2619.0,
AIS,FINANCIAL_STATEMENTS_AIS.pdf,IS,thousand,5,กำไรขาดทุนเบ็ดเสร็จอื่น,กาไร (ขาดทุน) เบ็ดเสร็จอื่นสาหรับปี - สุ ทธิจากภาษีเงินได้,กาไร (ขาดทุน) เบ็ดเสร็จอื่นสาหรับปี - สุ ทธิจากภาษีเงินได้,,,0.873,-198309.0,-26603.0,-198309.0,-26603.0
AIS,FINANCIAL_STATEMENTS_AIS.pdf,IS,thousand,5,กำไรขาดทุนเบ็ดเสร็จอื่น,กาไรขาดทุนเบ็ดเสร็จรวมสาหรับงวด,กาไรขาดทุนเบ็ดเสร็จรวมสาหรับงวด,TOTAL_COMPREHENSIVE_INCOME,TOTAL_COMPREHENSIVE_INCOME,1.0,13297630.0,10557414.0,13297196.0,10556923.0
AIS,FINANCIAL_STATEMENTS_AIS.pdf,IS,thousand,5,การแบ่งปันกำไรขาดทุนเบ็ดเสร็จรวม,ส่ วนที่เป็ นของผูถ้ ือหุน้ ของบริ ษทั,การแบ่งปันกำไรขาดทุนเบ็ดเสร็จรวม ส่ วนที่เป็ นของผูถ้ ือหุน้ ของบริ ษทั,TCI_ATTRIB_PARENT,TCI_ATTRIB_PARENT,1.0,13297196.0,10556923.0,13297196.0,10556923.0
AIS,FINANCIAL_STATEMENTS_AIS.pdf,IS,thousand,5,การแบ่งปันกำไรขาดทุนเบ็ดเสร็จรวม,ส่ วนที่เป็ นของส่วนได้เสี ยที่ไม่มีอานาจควบคุม,การแบ่งปันกำไรขาดทุนเบ็ดเสร็จรวม ส่ วนที่เป็ นของส่วนได้เสี ยที่ไม่มีอานาจควบคุม,TCI_ATTRIB_NCI,TCI_ATTRIB_NCI,1.0,434.0,491.0,,
AIS,FINANCIAL_STATEMENTS_AIS.pdf,IS,thousand,5,การแบ่งปันกำไรขาดทุนเบ็ดเสร็จรวม,กาไรขาดทุนเบ็ดเสร็จรวมสาหรับงวด,กาไรขาดทุนเบ็ดเสร็จรวมสาหรับงวด,TOTAL_COMPREHENSIVE_INCOME,TOTAL_COMPREHENSIVE_INCOME,1.0,13297630.0,10557414.0,13297196.0,10556923.0
IIG,FINANCIAL_STATEMENTS_IIG.pdf,IS,unknown,4,รายได้,โปรแกรมคอมพิวเตอร์,รายได้จากการให้ใช้ใบอนุญาตการใช้ โปรแกรมคอมพิวเตอร์,REVENUE_LICENSE,REVENUE_LICENSE,1.0,80151119.0,103371660.0,47475005.0,66566948.0
IIG,FINANCIAL_STATEMENTS_IIG.pdf,IS,unknown,4,รายได้,รายได้จากการให้บริการ,รายได้จากการให้บริการ,REVENUE_SERVICE,REVENUE_SERVICE,1.0,72213848.0,120763962.0,18071039.0,23613470.0
IIG,FINANCIAL_STATEMENTS_IIG.pdf,IS,unknown,4,รายได้,โปรแกรมคอมพิวเตอร์และอุปกรณ์คอมพิวเตอร์,โปรแกรมคอมพิวเตอร์และอุปกรณ์คอมพิวเตอร์,,,0.716,5962962.0,1587440.0,,
IIG,FINANCIAL_STATEMENTS_IIG.pdf,IS,unknown,4,รายได้,เงินปั นผลรับจากบริษทั ย่อย,เงินปั นผลรับจากบริษทั ย่อย,DIVIDEND_INCOME,DIVIDEND_INCOME,1.0,,,,7200000.0
IIG,FINANCIAL_STATEMENTS_IIG.pdf,IS,unknown,4,รายได้,รายได้อ่นื,รายได้อ่นื,OTHER_INCOME,OTHER_INCOME,1.0,2000647.0,4473382.0,4210144.0,3992026.0
IIG,FINANCIAL_STATEMENTS_IIG.pdf,IS,unknown,4,รายได้,รวมรำยได้,รวมรำยได้,TOTAL_REVENUE,TOTAL_REVENUE,1.0,160328576.0,230196444.0,69756188.0,101372444.0
IIG,FINANCIAL_STATEMENTS_IIG.pdf,IS,unknown,4,ค่าใช้จ่าย,ต้นทุนจากการให้ใช้ใบอนุญาตการใช้โปรแกรมคอมพิวเตอร์,ต้นทุนจากการให้ใช้ใบอนุญาตการใช้โปรแกรมคอมพิวเตอร์,COGS_LICENSE,COGS_LICENSE,1.0,67861078.0,85191664.0,39477165.0,55077575.0
IIG,FINANCIAL_STATEMENTS_IIG.pdf,IS,unknown,4,ค่าใช้จ่าย,ต้นทุนจากการให้บริการ,ต้นทุนจากการให้บริการ,COGS_SERVICE,COGS_SERVICE,1.0,61215723.0,103322164.0,12006261.0,27583849.0
IIG,FINANCIAL_STATEMENTS_IIG.pdf,IS,unknown,4,ค่าใช้จ่าย,โปรแกรมคอมพิวเตอร์และอุปกรณ์คอมพิวเตอร์,โปรแกรมคอมพิวเตอร์และอุปกรณ์คอมพิวเตอร์,,,0.709,2651387.0,1377550.0,,
IIG,FINANCIAL_STATEMENTS_IIG.pdf,IS,unknown,4,ค่าใช้จ่าย,ค่าใช้จ่ายในการขาย,ค่าใช้จ่ายในการขาย,SELLING_EXPENSES,SELLING_EXPENSES,1.0,10023699.0,16088836.0,4676561.0,6774495.0
IIG,FINANCIAL_STATEMENTS_IIG.pdf,IS,unknown,4,ค่าใช้จ่าย,ค่าใช้จ่ายในการบริหาร,ค่าใช้จ่ายในการบริหาร,ADMIN_EXPENSES,ADMIN_EXPENSES,1.0,29044993.0,43934197.0,19680444.0,25544764.0
IIG,FINANCIAL_STATEMENTS_IIG.pdf,IS,unknown,4,ค่าใช้จ่าย,ผลขาดทุนด้านเครดิตทีค่ าดว่าจะเกิดขึน้,ผลขาดทุนด้านเครดิตทีค่ าดว่าจะเกิดขึน้,ECL,ECL,1.0,1132501.0,,1132501.0,
IIG,FINANCIAL_STATEMENTS_IIG.pdf,IS,unknown,4,ค่าใช้จ่าย,ขาดทุนจากการด้อยค่าของเงินลงทุนในบริษทั ร่วม,ขาดทุนจากการด้อยค่าของเงินลงทุนในบริษทั ร่วม,IMPAIRMENT_ASSOCIATE,IMPAIRMENT_ASSOCIATE,1.0,,,,44003273.0
IIG,FINANCIAL_STATEMENTS_IIG.pdf,IS,unknown,4,ค่าใช้จ่าย,ขาดทุนสุทธิจากการสูญเสียการควบคุมในบริษทั ย่อย,ขาดทุนสุทธิจากการสูญเสียการควบคุมในบริษทั ย่อย,LOSS_ON_DECONSOLIDATION,LOSS_ON_DECONSOLIDATION,1.0,,69360106.0,,
IIG,FINANCIAL_STATEMENTS_IIG.pdf,IS,unknown,4,ค่าใช้จ่าย,ส่วนแบ่งขาดทุนในบริษทั ร่วมและการร่วมค้า - สุทธิ 13,ส่วนแบ่งขาดทุนในบริษทั ร่วมและการร่วมค้า,SHARE_OF_PROFIT_ASSOCIATE,SHARE_OF_PROFIT_ASSOCIATE,1.0,343840.0,2006229.0,,
IIG,FINANCIAL_STATEMENTS_IIG.pdf,IS,unknown,4,ค่าใช้จ่าย,รวมค่ำใช้จ่ำย,รวมค่ำใช้จ่ำย,TOTAL_EXPENSES,TOTAL_EXPENSES,1.0,172273221.0,321280746.0,76972932.0,158983956.0
IIG,FINANCIAL_STATEMENTS_IIG.pdf,IS,unknown,4,ค่าใช้จ่าย,ขำดทุนก่อนต้นทุนทำงกำรเงิ นและภำษี เงิ นได้,ขำดทุนก่อนต้นทุนทำงกำรเงิ นและภำษี เงิ นได้,PROFIT_BEFORE_FINANCE_TAX,PROFIT_BEFORE_FINANCE_TAX,1.0,-11944645.0,-91084302.0,-7216744.0,-57611512.0
IIG,FINANCIAL_STATEMENTS_IIG.pdf,IS,unknown,4,ค่าใช้จ่าย,ต้นทุนทางการเงิน,ต้นทุนทางการเงิน,FINANCE_COST,FINANCE_COST,1.0,-5994786.0,-7712911.0,-4825784.0,-6636392.0
IIG,FINANCIAL_STATEMENTS_IIG.pdf,IS,unknown,4,ค่าใช้จ่าย,ขำดทุนก่อนภำษี เงิ นได้,ขำดทุนก่อนภำษี เงิ นได้,PROFIT_BEFORE_TAX,PROFIT_BEFORE_TAX,1.0,-17939431.0,-98797213.0,-12042528.0,-64247904.0
IIG,FINANCIAL_STATEMENTS_IIG.pdf,IS,unknown,4,ค่าใช้จ่าย,ผลประโยชน์ (ค่าใช้จ่าย) ภาษีเงินได้ 15,ผลประโยชน์ (ค่าใช้จ่าย) ภาษีเงินได้ 15,INCOME_TAX_EXPENSE,INCOME_TAX_EXPENSE,1.0,785568.0,-423271.0,593149.0,144996.0
IIG,FINANCIAL_STATEMENTS_IIG.pdf,IS,unknown,4,ค่าใช้จ่าย,ขำดทุนสำหรับงวด,ขำดทุนสำหรับงวด,NET_PROFIT,NET_PROFIT,1.0,-17153863.0,-99220484.0,-11449379.0,-64102908.0
IIG,FINANCIAL_STATEMENTS_IIG.pdf,IS,unknown,4,ค่าใช้จ่าย,ขำดทุนเบ็ดเสร็จรวมสำหรับงวด,ขำดทุนเบ็ดเสร็จรวมสำหรับงวด,TOTAL_COMPREHENSIVE_INCOME,TOTAL_COMPREHENSIVE_INCOME,1.0,-17153863.0,-99220484.0,-11449379.0,-64102908.0
IIG,FINANCIAL_STATEMENTS_IIG.pdf,IS,unknown,4,ค่าใช้จ่าย,หมายเหตุประกอบข้อมูลทางการเงินเป็ นส่วนหนึ่งของข้อมูลทางการเงินระหว่างกาลนี้,หมายเหตุประกอบข้อมูลทางการเงินเป็ นส่วนหนึ่งของข้อมูลทางการเงินระหว่างกาลนี้,,,0.48,,,,4.0
IIG,FINANCIAL_STATEMENTS_IIG.pdf,IS,unknown,5,การแบ่งปันกำไร (ขาดทุน),ส่วนของผูเ้ ป็ นเจ้าของของบริษทั,การแบ่งปันกำไร (ขาดทุน) ส่วนของผูเ้ ป็ นเจ้าของของบริษทั,PROFIT_ATTRIB_PARENT,PROFIT_ATTRIB_PARENT,1.0,-15450954.0,-100044392.0,-11449379.0,-64102908.0
IIG,FINANCIAL_STATEMENTS_IIG.pdf,IS,unknown,5,การแบ่งปันกำไร (ขาดทุน),ส่วนได้เสียทีไ่ ม่มอี านาจควบคุม,การแบ่งปันกำไร (ขาดทุน) ส่วนได้เสียทีไ่ ม่มอี านาจควบคุม,PROFIT_ATTRIB_NCI,PROFIT_ATTRIB_NCI,1.0,-1702909.0,823908.0,,
IIG,FINANCIAL_STATEMENTS_IIG.pdf,IS,unknown,5,การแบ่งปันกำไรขาดทุนเบ็ดเสร็จรวม,ส่วนของผูเ้ ป็ นเจ้าของของบริษทั,การแบ่งปันกำไรขาดทุนเบ็ดเสร็จรวม ส่วนของผูเ้ ป็ นเจ้าของของบริษทั,TCI_ATTRIB_PARENT,TCI_ATTRIB_PARENT,1.0,-15450954.0,-100044392.0,-11449379.0,-64102908.0
IIG,FINANCIAL_STATEMENTS_IIG.pdf,IS,unknown,5,การแบ่งปันกำไรขาดทุนเบ็ดเสร็จรวม,ส่วนได้เสียทีไ่ ม่มอี านาจควบคุม,การแบ่งปันกำไรขาดทุนเบ็ดเสร็จรวม ส่วนได้เสียทีไ่ ม่มอี านาจควบคุม,TCI_ATTRIB_NCI,TCI_ATTRIB_NCI,1.0,-1702909.0,823908.0,,
IIG,FINANCIAL_STATEMENTS_IIG.pdf,IS,unknown,5,การแบ่งปันกำไรขาดทุนเบ็ดเสร็จรวม,ขาดทุน (บาทต่อหุน้ ) 7,ขาดทุน (บาทต่อหุน้ ) 7,EPS,EPS,1.0,-0.13,-0.83,-0.09,-0.53
IIG,FINANCIAL_STATEMENTS_IIG.pdf,IS,unknown,5,การแบ่งปันกำไรขาดทุนเบ็ดเสร็จรวม,หมายเหตุประกอบข้อมูลทางการเงินเป็ นส่วนหนึ่งของข้อมูลทางการเงินระหว่างกาลนี้,หมายเหตุประกอบข้อมูลทางการเงินเป็ นส่วนหนึ่งของข้อมูลทางการเงินระหว่างกาลนี้,,,0.566,,,,5.0
MFEC,FINANCIAL_STATEMENTS_Mfec.pdf,IS,thousand,4,รายได้,รายได้จากการขายและบริ การ 6,รายได้จากการขายและบริ การ 6,REVENUE,REVENUE,0.966,1646212.0,1563933.0,1483734.0,1407900.0
MFEC,FINANCIAL_STATEMENTS_Mfec.pdf,IS,thousand,4,รายได้,รายได้เงินปันผล 5.2,รายได้เงินปันผล 5.2,DIVIDEND_INCOME,DIVIDEND_INCOME,1.0,,,5750.0,
MFEC,FINANCIAL_STATEMENTS_Mfec.pdf,IS,thousand,4,รายได้,กาไรจากการขายเงินลงทุนในบริ ษทั ร่ วม,กาไรจากการขายเงินลงทุนในบริ ษทั ร่ วม,GAIN_ON_SALE_INVESTMENT,GAIN_ON_SALE_INVESTMENT,1.0,,3267.0,,37168.0
MFEC,FINANCIAL_STATEMENTS_Mfec.pdf,IS,thousand,4,รายได้,รายได้อื่น,รายได้อื่น,OTHER_INCOME,OTHER_INCOME,1.0,11556.0,22742.0,12028.0,21142.0
MFEC,FINANCIAL_STATEMENTS_Mfec.pdf,IS,thousand,4,รายได้,รวมรำยได้,รวมรำยได้,TOTAL_REVENUE,TOTAL_REVENUE,1.0,1657768.0,1589942.0,1501512.0,1466210.0
MFEC,FINANCIAL_STATEMENTS_Mfec.pdf,IS,thousand,4,ค่าใช้จ่าย,ต้นทุนขายและบริ การ,ต้นทุนขายและบริ การ,COGS,COGS,0.957,1367516.0,1298650.0,1257967.0,1183998.0
MFEC,FINANCIAL_STATEMENTS_Mfec.pdf,IS,thousand,4,ค่าใช้จ่าย,ค่าใช้จ่ายในการขายและจัดจาหน่าย,ค่าใช้จ่ายในการขายและจัดจาหน่าย,SELLING_EXPENSES,SELLING_EXPENSES,1.0,48145.0,41707.0,36798.0,36138.0
MFEC,FINANCIAL_STATEMENTS_Mfec.pdf,IS,thousand,4,ค่าใช้จ่าย,ค่าใช้จ่ายในการบริ หาร,ค่าใช้จ่ายในการบริ หาร,ADMIN_EXPENSES,ADMIN_EXPENSES,1.0,165407.0,155591.0,138713.0,130953.0
MFEC,FINANCIAL_STATEMENTS_Mfec.pdf,IS,thousand,4,ค่าใช้จ่าย,ค่าใช้จ่ายอื่น,ค่าใช้จ่ายอื่น,OTHER_EXPENSES,OTHER_EXPENSES,1.0,2097.0,1635.0,3520.0,1570.0
MFEC,FINANCIAL_STATEMENTS_Mfec.pdf,IS,thousand,4,ค่าใช้จ่าย,ผลขาดทุน (กาไร) จากการวัดมูลค่ายุติธรรมของตราสารอนุพนั ธ์,ผลขาดทุน (กาไร) จากการวัดมูลค่ายุติธรรมของตราสารอนุพนั ธ์,FV_LOSS_DERIVATIVES,FV_LOSS_DERIVATIVES,1.0,-21793.0,2409.0,-21793.0,2409.0
MFEC,FINANCIAL_STATEMENTS_Mfec.pdf,IS,thousand,4,ค่าใช้จ่าย,รวมค่ ำใช้ จ่ำย,รวมค่ ำใช้ จ่ำย,TOTAL_EXPENSES,TOTAL_EXPENSES,1.0,1561372.0,1499992.0,1415205.0,1355068.0
MFEC,FINANCIAL_STATEMENTS_Mfec.pdf,IS,thousand,4,ค่าใช้จ่าย,กำไรจำกกำรดำเนินงำน,กำไรจำกกำรดำเนินงำน,,,0.846,96396.0,89950.0,86307.0,111142.0
MFEC,FINANCIAL_STATEMENTS_Mfec.pdf,IS,thousand,4,ค่าใช้จ่าย,ส่ วนแบ่งกาไร (ขาดทุน) จากเงินลงทุนในการร่ วมค้าและบริ ษทั ร่ วม,ส่ วนแบ่งกาไร (ขาดทุน) จากเงินลงทุนในการร่ วมค้าและบริ ษทั ร่ วม,,,0.885,300.0,-2390.0,,
MFEC,FINANCIAL_STATEMENTS_Mfec.pdf,IS,thousand,4,ค่าใช้จ่าย,รายได้ทางการเงิน,รายได้ทางการเงิน,FINANCE_INCOME,FINANCE_INCOME,1.0,1319.0,2215.0,844.0,1378.0
MFEC,FINANCIAL_STATEMENTS_Mfec.pdf,IS,thousand,4,ค่าใช้จ่าย,ต้นทุนทางการเงิน,ต้นทุนทางการเงิน,FINANCE_COST,FINANCE_COST,1.0,-2457.0,-4638.0,-2231.0,-4293.0
MFEC,FINANCIAL_STATEMENTS_Mfec.pdf,IS,thousand,4,ค่าใช้จ่าย,กำไรก่ อนค่ ำใช้ จ่ำยภำษีเงินได้,กำไรก่ อนค่ ำใช้ จ่ำยภำษีเงินได้,,,0.875,95558.0,85137.0,84920.0,108227.0
MFEC,FINANCIAL_STATEMENTS_Mfec.pdf,IS,thousand,4,ค่าใช้จ่าย,ค่าใช้จ่ายภาษีเงินได้,ค่าใช้จ่ายภาษีเงินได้,INCOME_TAX_EXPENSE,INCOME_TAX_EXPENSE,1.0,-19991.0,-24475.0,-16427.0,-21752.0
MFEC,FINANCIAL_STATEMENTS_Mfec.pdf,IS,thousand,4,ค่าใช้จ่าย,กำไรสำหรับงวด,กำไรสำหรับงวด,NET_PROFIT,NET_PROFIT,1.0,75567.0,60662.0,68493.0,86475.0
MFEC,FINANCIAL_STATEMENTS_Mfec.pdf,IS,thousand,4,กำไรขาดทุนเบ็ดเสร็จอื่น,- สุ ทธิ จากภาษีเงินได้,- สุ ทธิ จากภาษีเงินได้,,,0.87,21960.0,-7931.0,21960.0,-7931.0
MFEC,FINANCIAL_STATEMENTS_Mfec.pdf,IS,thousand,4,กำไรขาดทุนเบ็ดเสร็จอื่น,- สุ ทธิ จากภาษีเงินได้,- สุ ทธิ จากภาษีเงินได้,,,0.87,21960.0,-7931.0,21960.0,-7931.0
MFEC,FINANCIAL_STATEMENTS_Mfec.pdf,IS,thousand,4,กำไรขาดทุนเบ็ดเสร็จอื่น,กำไรขำดทุนเบ็ดเสร็จอื่นสำหรับงวด,กำไรขำดทุนเบ็ดเสร็จอื่นสำหรับงวด,OCI_TOTAL,OCI_TOTAL,1.0,21960.0,-7931.0,21960.0,-7931.0
MFEC,FINANCIAL_STATEMENTS_Mfec.pdf,IS,thousand,4,กำไรขาดทุนเบ็ดเสร็จอื่น,กำไรขำดทุนเบ็ดเสร็จรวมสำหรับงวด,กำไรขำดทุนเบ็ดเสร็จรวมสำหรับงวด,TOTAL_COMPREHENSIVE_INCOME,TOTAL_COMPREHENSIVE_INCOME,1.0,97527.0,52731.0,90453.0,78544.0
PTT,FINANCIAL_STATEMENTS_PTT.pdf,IS,baht,4,,สาหรั บงวดสามเดือนสิน้ สุดวันที่,สาหรั บงวดสามเดือนสิน้ สุดวันที่,,,0.65,31.0,,,
PTT,FINANCIAL_STATEMENTS_PTT.pdf,IS,baht,4,,รายได้ จากการขายและการให้ บริ การ,รายได้ จากการขายและการให้ บริ การ,REVENUE,REVENUE,1.0,718729054591.0,700222970353.0,407592106728.0,405518000910.0
PTT,FINANCIAL_STATEMENTS_PTT.pdf,IS,baht,4,,ต้ นทุนขายและการให้ บริ การ 18,ต้ นทุนขายและการให้ บริ การ 18,COGS,COGS,0.923,546299228825.0,622808731146.0,381851031028.0,393877420483.0
PTT,FINANCIAL_STATEMENTS_PTT.pdf,IS,baht,4,,กาไรขัน้ ต้ น,กาไรขัน้ ต้ น,GROSS_PROFIT,GROSS_PROFIT,1.0,172429825766.0,77414239207.0,25741075700.0,11640580427.0
PTT,FINANCIAL_STATEMENTS_PTT.pdf,IS,baht,4,,รายได้ อนื่ 17,รายได้ อนื่ 17,OTHER_INCOME,OTHER_INCOME,1.0,12633140495.0,8293658007.0,18655104653.0,19498487761.0
PTT,FINANCIAL_STATEMENTS_PTT.pdf,IS,baht,4,,ขาดทุนจากตราสารอนุพนั ธ์,ขาดทุนจากตราสารอนุพนั ธ์,,,0.615,-70810299230.0,-960448390.0,-8378625568.0,-3717213400.0
PTT,FINANCIAL_STATEMENTS_PTT.pdf,IS,baht,4,,กาไร(ขาดทุน)จากอัตราแลกเปลีย่ นเงินตราต่างประเทศ,กาไร(ขาดทุน)จากอัตราแลกเปลีย่ นเงินตราต่างประเทศ,,,0.65,1121349975.0,4506865149.0,-2005038323.0,4108286004.0
PTT,FINANCIAL_STATEMENTS_PTT.pdf,IS,baht,4,,กาไรก่ อนค่ าใช้ จ่าย,กาไรก่ อนค่ าใช้ จ่าย,PROFIT_BEFORE_EXPENSES,PROFIT_BEFORE_EXPENSES,1.0,115374017006.0,89254313973.0,34012516462.0,31530140792.0
PTT,FINANCIAL_STATEMENTS_PTT.pdf,IS,baht,4,,ค่าใช้ จา่ ยในการขายและจัดจาหน่าย 18,ค่าใช้ จา่ ยในการขายและจัดจาหน่าย 18,SELLING_EXPENSES,SELLING_EXPENSES,1.0,11424498977.0,10578803872.0,4166838967.0,2364992660.0
PTT,FINANCIAL_STATEMENTS_PTT.pdf,IS,baht,4,,ค่าใช้ จา่ ยในการบริ หาร 18,ค่าใช้ จา่ ยในการบริ หาร 18,ADMIN_EXPENSES,ADMIN_EXPENSES,1.0,28963195733.0,16897619480.0,5572035528.0,5614652038.0
PTT,FINANCIAL_STATEMENTS_PTT.pdf,IS,baht,4,,ค่าภาคหลวง,ค่าภาคหลวง,,,0.533,3306297211.0,3229882541.0,,
PTT,FINANCIAL_STATEMENTS_PTT.pdf,IS,baht,4,,กาไรจากการดาเนินงาน,กาไรจากการดาเนินงาน,,,0.846,71680025085.0,58548008080.0,24273641967.0,23550496094.0
PTT,FINANCIAL_STATEMENTS_PTT.pdf,IS,baht,4,,ส่วนแบ่งกาไรจากเงินลงทุนในการร่ วมค้ าและบริ ษัทร่ วม 6,ส่วนแบ่งกาไรจากเงินลงทุนในการร่ วมค้ าและบริ ษัทร่ วม 6,,,0.868,2053814498.0,324941005.0,,
PTT,FINANCIAL_STATEMENTS_PTT.pdf,IS,baht,4,,กาไรก่ อนต้ นทุนทางการเงินและภาษีเงินได้,กาไรก่ อนต้ นทุนทางการเงินและภาษีเงินได้,PROFIT_BEFORE_FINANCE_TAX,PROFIT_BEFORE_FINANCE_TAX,1.0,73733839583.0,58872949085.0,24273641967.0,23550496094.0
PTT,FINANCIAL_STATEMENTS_PTT.pdf,IS,baht,4,,ต้ นทุนทางการเงิน,ต้ นทุนทางการเงิน,FINANCE_COST,FINANCE_COST,1.0,8238689111.0,10985050321.0,1398566414.0,1788453481.0
PTT,FINANCIAL_STATEMENTS_PTT.pdf,IS,baht,4,,กาไรก่ อนภาษีเงินได้,กาไรก่ อนภาษีเงินได้,PROFIT_BEFORE_TAX,PROFIT_BEFORE_TAX,1.0,65495150472.0,47887898764.0,22875075553.0,21762042613.0
PTT,FINANCIAL_STATEMENTS_PTT.pdf,IS,baht,4,,ค่าใช้ จา่ ยภาษี เงินได้,ค่าใช้ จา่ ยภาษี เงินได้,INCOME_TAX_EXPENSE,INCOME_TAX_EXPENSE,1.0,23871700568.0,16073675894.0,1995928684.0,1461214339.0
PTT,FINANCIAL_STATEMENTS_PTT.pdf,IS,baht,4,,กาไรสาหรั บงวด,กาไรสาหรั บงวด,NET_PROFIT,NET_PROFIT,1.0,41623449904.0,31814222870.0,20879146869.0,20300828274.0
PTT,FINANCIAL_STATEMENTS_PTT.pdf,IS,baht,4,การแบ่งปันกำไร,ส่วนที่เป็ นของผู้ถือหุ้นของบริ ษัทฯ,การแบ่งปันกำไร ส่วนที่เป็ นของผู้ถือหุ้นของบริ ษัทฯ,PROFIT_ATTRIB_PARENT,PROFIT_ATTRIB_PARENT,1.0,25738298847.0,23315488909.0,20879146869.0,20300828274.0
PTT,FINANCIAL_STATEMENTS_PTT.pdf,IS,baht,4,การแบ่งปันกำไร,ส่วนที่เป็ นของผู้มีสว่ นได้ เสียที่ไม่มีอานาจควบคุมของบริ ษัทย่อย,การแบ่งปันกำไร ส่วนที่เป็ นของผู้มีสว่ นได้ เสียที่ไม่มีอานาจควบคุมของบริ ษัทย่อย,PROFIT_ATTRIB_NCI,PROFIT_ATTRIB_NCI,1.0,15885151057.0,8498733961.0,,
PTT,FINANCIAL_STATEMENTS_PTT.pdf,IS,baht,4,การแบ่งปันกำไร,้ ้นฐาน 16,กาไรต่อหุ้นขันพื ้ ้นฐาน 16,EPS,EPS,1.0,0.91,0.81,0.74,0.71
PTT,FINANCIAL_STATEMENTS_PTT.pdf,IS,baht,5,,สาหรั บงวดสามเดือนสิน้ สุดวันที่,สาหรั บงวดสามเดือนสิน้ สุดวันที่,,,0.692,31.0,,,
PTT,FINANCIAL_STATEMENTS_PTT.pdf,IS,baht,5,,กาไรสาหรับงวด,กาไรสาหรับงวด,NET_PROFIT,NET_PROFIT,1.0,41623449904.0,31814222870.0,20879146869.0,20300828274.0
PTT,FINANCIAL_STATEMENTS_PTT.pdf,IS,baht,5,กำไรขาดทุนเบ็ดเสร็จอื่น,ที่เป็ นเงินตราต่างประเทศ,ผลต่างของอัตราแลกเปลีย่ นจากการแปลงค่างบการเงิน ที่เป็ นเงินตราต่างประเทศ,OCI_FX_TRANSLATION,OCI_FX_TRANSLATION,1.0,28835585539.0,2797651955.0,,
PTT,FINANCIAL_STATEMENTS_PTT.pdf,IS,baht,5,กำไรขาดทุนเบ็ดเสร็จอื่น,มูลค่ายุตธิ รรมผ่านกาไรขาดทุนเบ็ดเสร็ จอืน่,มูลค่ายุตธิ รรมผ่านกาไรขาดทุนเบ็ดเสร็ จอืน่,,,0.879,-321774.0,-243763924.0,,
PTT,FINANCIAL_STATEMENTS_PTT.pdf,IS,baht,5,กำไรขาดทุนเบ็ดเสร็จอื่น,มูลค่ายุตธิ รรมผ่านกาไรขาดทุนเบ็ดเสร็ จอืน่,มูลค่ายุตธิ รรมผ่านกาไรขาดทุนเบ็ดเสร็ จอืน่,,,0.847,80038.0,66489613.0,,
PTT,FINANCIAL_STATEMENTS_PTT.pdf,IS,baht,5,กำไรขาดทุนเบ็ดเสร็จอื่น,กาไร(ขาดทุน)จากการป้องกันความเสีย่ งกระแสเงินสด,กาไร(ขาดทุน)จากการป้องกันความเสีย่ งกระแสเงินสด,,,0.683,3390227793.0,-2491291654.0,,
PTT,FINANCIAL_STATEMENTS_PTT.pdf,IS,baht,5,กำไรขาดทุนเบ็ดเสร็จอื่น,"ภาษีเงินได้ เกี่ยวกับการป้องกันความเสีย่ งกระแสเงินสด (1,201,527,893)","ภาษีเงินได้ เกี่ยวกับการป้องกันความเสีย่ งกระแสเงินสด (1,201,527,893)",,,0.619,,507122640.0,,
PTT,FINANCIAL_STATEMENTS_PTT.pdf,IS,baht,5,กำไรขาดทุนเบ็ดเสร็จอื่น,"ส่วนแบ่งขาดทุนเบ็ดเสร็ จอืน่ ในการร่ วมค้ าและบริ ษัทร่ วม (267,399,928)","ส่วนแบ่งขาดทุนเบ็ดเสร็ จอืน่ ในการร่ วมค้ าและบริ ษัทร่ วม (267,399,928)",,,0.655,,-451797141.0,,
PTT,FINANCIAL_STATEMENTS_PTT.pdf,IS,baht,5,กำไรขาดทุนเบ็ดเสร็จอื่น,ที่กาหนดไว้,ที่กาหนดไว้,,,0.812,886979.0,,,
PTT,FINANCIAL_STATEMENTS_PTT.pdf,IS,baht,5,กำไรขาดทุนเบ็ดเสร็จอื่น,มูลค่ายุตธิ รรมผ่านกาไรขาดทุนเบ็ดเสร็ จอืน่,กาไร(ขาดทุน)จากเงินลงทุนในตราสารทุนที่กาหนดให้ วดั มูลค่าด้ วย มูลค่ายุตธิ รรมผ่านกาไรขาดทุนเบ็ดเสร็ จอืน่,OCI_FVOCI_EQUITY,OCI_FVOCI_EQUITY,0.965,1120487733.0,-1246062407.0,143080952.0,-213271428.0
PTT,FINANCIAL_STATEMENTS_PTT.pdf,IS,baht,5,กำไรขาดทุนเบ็ดเสร็จอื่น,มูลค่ายุตธิ รรมผ่านกาไรขาดทุนเบ็ดเสร็ จอืน่,ภาษีเงินได้ เกี่ยวกับเงินลงทุนในตราสารทุนที่กาหนดให้ วดั มูลค่าด้ วย มูลค่ายุตธิ รรมผ่านกาไรขาดทุนเบ็ดเสร็ จอืน่,OCI_FVOCI_EQUITY,OCI_FVOCI_EQUITY,0.914,336100024.0,1325397393.0,-28616191.0,42654285.0
PTT,FINANCIAL_STATEMENTS_PTT.pdf,IS,baht,5,กำไรขาดทุนเบ็ดเสร็จอื่น,ส่วนแบ่งกาไร(ขาดทุน)เบ็ดเสร็ จอืน่ ในการร่ วมค้ าและบริ ษัทร่ วม,ส่วนแบ่งกาไร(ขาดทุน)เบ็ดเสร็ จอืน่ ในการร่ วมค้ าและบริ ษัทร่ วม,,,0.7,450231937.0,-200225804.0,,
PTT,FINANCIAL_STATEMENTS_PTT.pdf,IS,baht,5,กำไรขาดทุนเบ็ดเสร็จอื่น,กาไร(ขาดทุน)เบ็ดเสร็ จอืน่ สาหรับงวด - สุทธิจากภาษี,กาไร(ขาดทุน)เบ็ดเสร็ จอืน่ สาหรับงวด - สุทธิจากภาษี,OCI_TOTAL,OCI_TOTAL,1.0,32658603499.0,63520671.0,114464761.0,-170617143.0
PTT,FINANCIAL_STATEMENTS_PTT.pdf,IS,baht,5,กำไรขาดทุนเบ็ดเสร็จอื่น,กาไรเบ็ดเสร็ จรวมสาหรั บงวด,กาไรเบ็ดเสร็ จรวมสาหรั บงวด,TOTAL_COMPREHENSIVE_INCOME,TOTAL_COMPREHENSIVE_INCOME,1.0,74282053403.0,31877743541.0,20993611630.0,20130211131.0
PTT,FINANCIAL_STATEMENTS_PTT.pdf,IS,baht,5,กำไรขาดทุนเบ็ดเสร็จอื่น,ส่วนที่เป็ นของผู้ถือหุ้นของบริ ษัทฯ,การแบ่ งปั นกาไรเบ็ดเสร็ จรวม ส่วนที่เป็ นของผู้ถือหุ้นของบริ ษัทฯ,TCI_ATTRIB_PARENT,TCI_ATTRIB_PARENT,0.949,46730678342.0,22435577657.0,20993611630.0,20130211131.0
PTT,FINANCIAL_STATEMENTS_PTT.pdf,IS,baht,5,กำไรขาดทุนเบ็ดเสร็จอื่น,ส่วนที่เป็ นของผู้มีสว่ นได้ เสียที่ไม่มีอานาจควบคุมของบริ ษัทย่อย,ส่วนที่เป็ นของผู้มีสว่ นได้ เสียที่ไม่มีอานาจควบคุมของบริ ษัทย่อย,NCI,NCI,0.959,27551375061.0,9442165884.0,,
PTT,FINANCIAL_STATEMENTS_PTT.pdf,IS,baht,5,กำไรขาดทุนเบ็ดเสร็จอื่น,,กำไรขาดทุนเบ็ดเสร็จอื่น,SE_OCI,SE_OCI,1.0,74282053403.0,31877743541.0,20993611630.0,20130211131.0
STANLEY,Thai-Stanley_Q1_June69-T1-1.pdf,IS,unknown,5,,รายได้จากการขายและการให้บริการ,รายได้จากการขายและการให้บริการ,REVENUE,REVENUE,1.0,2645883140.0,2923191156.0,2645883140.0,2923191156.0
STANLEY,Thai-Stanley_Q1_June69-T1-1.pdf,IS,unknown,5,,ต้นทุนขายและการให้บริการ,ต้นทุนขายและการให้บริการ,COGS,COGS,0.923,-2038848667.0,-2292642249.0,-2038848667.0,-2292642249.0
STANLEY,Thai-Stanley_Q1_June69-T1-1.pdf,IS,unknown,5,,กําไรขัน้ ต้น,กําไรขัน้ ต้น,GROSS_PROFIT,GROSS_PROFIT,1.0,607034473.0,630548907.0,607034473.0,630548907.0
STANLEY,Thai-Stanley_Q1_June69-T1-1.pdf,IS,unknown,5,,- เงินปั นผลรับ 8,- เงินปั นผลรับ 8,DIVIDEND_INCOME,DIVIDEND_INCOME,1.0,,4480666.0,427886263.0,424415064.0
STANLEY,Thai-Stanley_Q1_June69-T1-1.pdf,IS,unknown,5,,- กําไรจากอัตราแลกเปลีย่ น สุทธิ,- กําไรจากอัตราแลกเปลีย่ น สุทธิ,,,0.897,23176672.0,-8825012.0,23176672.0,-8825012.0
STANLEY,Thai-Stanley_Q1_June69-T1-1.pdf,IS,unknown,5,,- กําไรอื่น สุทธิ,- กําไรอื่น สุทธิ,,,0.833,47269.0,112652.0,47269.0,112652.0
STANLEY,Thai-Stanley_Q1_June69-T1-1.pdf,IS,unknown,5,,- ดอกเบีย้ รับ,- ดอกเบีย้ รับ,INTEREST_INCOME_CF,INTEREST_INCOME_CF,1.0,18197352.0,38362027.0,18197352.0,38362027.0
STANLEY,Thai-Stanley_Q1_June69-T1-1.pdf,IS,unknown,5,,กําไรก่อนค่าใช้จ่าย,กําไรก่อนค่าใช้จ่าย,PROFIT_BEFORE_EXPENSES,PROFIT_BEFORE_EXPENSES,1.0,652352750.0,675321652.0,1080239013.0,1095256050.0
STANLEY,Thai-Stanley_Q1_June69-T1-1.pdf,IS,unknown,5,,ค่าใช้จ่ายในการขาย,ค่าใช้จ่ายในการขาย,SELLING_EXPENSES,SELLING_EXPENSES,1.0,-168008872.0,-186526219.0,-168008872.0,-186526219.0
STANLEY,Thai-Stanley_Q1_June69-T1-1.pdf,IS,unknown,5,,ค่าใช้จ่ายในการบริหาร,ค่าใช้จ่ายในการบริหาร,ADMIN_EXPENSES,ADMIN_EXPENSES,1.0,-121302400.0,-119714833.0,-121302400.0,-119714833.0
STANLEY,Thai-Stanley_Q1_June69-T1-1.pdf,IS,unknown,5,,รวมค่าใช้จ่าย,รวมค่าใช้จ่าย,TOTAL_EXPENSES,TOTAL_EXPENSES,1.0,-289311272.0,-306241052.0,-289311272.0,-306241052.0
STANLEY,Thai-Stanley_Q1_June69-T1-1.pdf,IS,unknown,5,,กําไรจากการดําเนิ นงาน,กําไรจากการดําเนิ นงาน,,,0.846,363041478.0,369080600.0,790927741.0,789014998.0
STANLEY,Thai-Stanley_Q1_June69-T1-1.pdf,IS,unknown,5,,และการร่วมค้าตามวิธสี ว่ นได้เสีย 12,และการร่วมค้าตามวิธสี ว่ นได้เสีย 12,,,0.789,86149974.0,92468604.0,,
STANLEY,Thai-Stanley_Q1_June69-T1-1.pdf,IS,unknown,5,,กําไรก่อนค่าใช้จ่ายภาษี เงิ นได้,กําไรก่อนค่าใช้จ่ายภาษี เงิ นได้,,,0.875,449191452.0,461549204.0,790927741.0,789014998.0
STANLEY,Thai-Stanley_Q1_June69-T1-1.pdf,IS,unknown,5,,ค่าใช้จ่ายภาษีเงินได้ 15,ค่าใช้จ่ายภาษีเงินได้ 15,INCOME_TAX_EXPENSE,INCOME_TAX_EXPENSE,1.0,-87540849.0,-91925642.0,-155888106.0,-157418801.0
STANLEY,Thai-Stanley_Q1_June69-T1-1.pdf,IS,unknown,5,,กําไรสุทธิ สาํ หรับรอบระยะเวลา,กําไรสุทธิ สาํ หรับรอบระยะเวลา,,,0.56,361650603.0,369623562.0,635039635.0,631596197.0
STANLEY,Thai-Stanley_Q1_June69-T1-1.pdf,IS,unknown,5,กำไรต่อหุ้น,กําไรต่อหุ้นขัน้ พื้นฐาน,กําไรต่อหุ้นขัน้ พื้นฐาน,EPS,EPS,1.0,4.72,4.82,8.29,8.24
STANLEY,Thai-Stanley_Q1_June69-T1-1.pdf,IS,unknown,6,,กําไรสุทธิ สาํ หรับรอบระยะเวลา,กําไรสุทธิ สาํ หรับรอบระยะเวลา,,,0.56,361650603.0,369623562.0,635039635.0,631596197.0
STANLEY,Thai-Stanley_Q1_June69-T1-1.pdf,IS,unknown,6,กำไรขาดทุนเบ็ดเสร็จอื่น,ในตราสารทุนผ่านกําไรขาดทุนเบ็ดเสร็จอื่น,ในตราสารทุนผ่านกําไรขาดทุนเบ็ดเสร็จอื่น,,,0.743,72397537.0,91660113.0,72397537.0,91660113.0
STANLEY,Thai-Stanley_Q1_June69-T1-1.pdf,IS,unknown,6,กำไรขาดทุนเบ็ดเสร็จอื่น,รายการใหม่ไปยังกําไรหรือขาดทุนในภายหลัง,รายการใหม่ไปยังกําไรหรือขาดทุนในภายหลัง,,,0.729,-14479507.0,-18332023.0,-14479507.0,-18332023.0
STANLEY,Thai-Stanley_Q1_June69-T1-1.pdf,IS,unknown,6,กำไรขาดทุนเบ็ดเสร็จอื่น,กําไรหรือขาดทุนในภายหลัง,กําไรหรือขาดทุนในภายหลัง,,,0.846,57918030.0,73328090.0,57918030.0,73328090.0
STANLEY,Thai-Stanley_Q1_June69-T1-1.pdf,IS,unknown,6,กำไรขาดทุนเบ็ดเสร็จอื่น,บริษทั ร่วมและการร่วมค้า,บริษทั ร่วมและการร่วมค้า,,,0.8,4072902.0,-136581506.0,,
STANLEY,Thai-Stanley_Q1_June69-T1-1.pdf,IS,unknown,6,กำไรขาดทุนเบ็ดเสร็จอื่น,รายการใหม่เข้าไปยังกําไรหรือขาดทุนในภายหลัง,รายการใหม่เข้าไปยังกําไรหรือขาดทุนในภายหลัง,,,0.721,-814580.0,27316301.0,,
STANLEY,Thai-Stanley_Q1_June69-T1-1.pdf,IS,unknown,6,กำไรขาดทุนเบ็ดเสร็จอื่น,กําไรหรือขาดทุนในภายหลัง,กําไรหรือขาดทุนในภายหลัง,,,0.842,3258322.0,-109265205.0,,
STANLEY,Thai-Stanley_Q1_June69-T1-1.pdf,IS,unknown,6,กำไรขาดทุนเบ็ดเสร็จอื่น,- สุทธิ จากภาษี,กำไรขาดทุนเบ็ดเสร็จอื่น - สุทธิ จากภาษี,OCI_TOTAL,OCI_TOTAL,0.93,61176352.0,-35937115.0,57918030.0,73328090.0
STANLEY,Thai-Stanley_Q1_June69-T1-1.pdf,IS,unknown,6,กำไรขาดทุนเบ็ดเสร็จอื่น,กําไรเบ็ดเสร็จรวมสําหรับรอบระยะเวลา,กําไรเบ็ดเสร็จรวมสําหรับรอบระยะเวลา,,,0.789,422826955.0,333686447.0,692957665.0,704924287.0
STANLEY,Thai-Stanley_Q1_June69-T1-1.pdf,IS,unknown,6,กำไรขาดทุนเบ็ดเสร็จอื่น,หมายเหตุประกอบข้อมูลทางการเงินระหว่างกาลเป็ นส่วนหนึง่ ของข้อมูลทางการเงินระหว่างกาลนี้,หมายเหตุประกอบข้อมูลทางการเงินระหว่างกาลเป็ นส่วนหนึง่ ของข้อมูลทางการเงินระหว่างกาลนี้,,,0.442,,,,5.0
CPF,pdf_th_FINANCIAL_STATEMENTS_CPF.pdf,IS,thousand,5,,วันที่ 31 มีนาคม วันที่,วันที่ 31 มีนาคม วันที่,,,0.56,,,31.0,
CPF,pdf_th_FINANCIAL_STATEMENTS_CPF.pdf,IS,thousand,5,รายได้,รายได้จากการขายสิ นค้า 8,รายได้จากการขายสิ นค้า 8,,,0.75,136697330.0,144174821.0,5184663.0,5122785.0
CPF,pdf_th_FINANCIAL_STATEMENTS_CPF.pdf,IS,thousand,5,รายได้,รายได้ดอกเบี้ย,รายได้ดอกเบี้ย,FINANCE_INCOME,FINANCE_INCOME,1.0,325490.0,339416.0,479662.0,375856.0
CPF,pdf_th_FINANCIAL_STATEMENTS_CPF.pdf,IS,thousand,5,รายได้,เงินปั นผลรับ 2,เงินปั นผลรับ 2,DIVIDEND_INCOME,DIVIDEND_INCOME,1.0,,,119625.0,
CPF,pdf_th_FINANCIAL_STATEMENTS_CPF.pdf,IS,thousand,5,รายได้,กาไรจากเงินลงทุน,กาไรจากเงินลงทุน,,,0.87,,1192.0,,
CPF,pdf_th_FINANCIAL_STATEMENTS_CPF.pdf,IS,thousand,5,รายได้,กาไรจากอัตราแลกเปลี่ยนสุ ทธิ,กาไรจากอัตราแลกเปลี่ยนสุ ทธิ,,,0.897,27859.0,159360.0,1221441.0,
CPF,pdf_th_FINANCIAL_STATEMENTS_CPF.pdf,IS,thousand,5,รายได้,รายได้อื่น,รายได้อื่น,OTHER_INCOME,OTHER_INCOME,1.0,599954.0,792185.0,76742.0,65683.0
CPF,pdf_th_FINANCIAL_STATEMENTS_CPF.pdf,IS,thousand,5,รายได้,รวมรายได้,รวมรายได้,TOTAL_REVENUE,TOTAL_REVENUE,1.0,137650633.0,145466974.0,7082133.0,5564324.0
CPF,pdf_th_FINANCIAL_STATEMENTS_CPF.pdf,IS,thousand,5,ค่าใช้จ่าย,ต้นทุนขายสิ นค้า 14,ต้นทุนขายสิ นค้า 14,,,0.636,115408054.0,117729907.0,4277104.0,4638881.0
CPF,pdf_th_FINANCIAL_STATEMENTS_CPF.pdf,IS,thousand,5,ค่าใช้จ่าย,ต้นทุนในการจัดจาหน่าย,ต้นทุนในการจัดจาหน่าย,,,0.788,4176979.0,4170098.0,191055.0,207861.0
CPF,pdf_th_FINANCIAL_STATEMENTS_CPF.pdf,IS,thousand,5,ค่าใช้จ่าย,ค่าใช้จ่ายในการบริ หาร,ค่าใช้จ่ายในการบริ หาร,ADMIN_EXPENSES,ADMIN_EXPENSES,1.0,7691311.0,8071042.0,577784.0,632542.0
CPF,pdf_th_FINANCIAL_STATEMENTS_CPF.pdf,IS,thousand,5,ค่าใช้จ่าย,ยุติธรรมของสิ นทรัพย์ชีวภาพ,ยุติธรรมของสิ นทรัพย์ชีวภาพ,,,0.638,-529587.0,-37915.0,,
CPF,pdf_th_FINANCIAL_STATEMENTS_CPF.pdf,IS,thousand,5,ค่าใช้จ่าย,ขาดทุนจากอัตราแลกเปลี่ยนสุ ทธิ,ขาดทุนจากอัตราแลกเปลี่ยนสุ ทธิ,,,0.71,,,,37040.0
CPF,pdf_th_FINANCIAL_STATEMENTS_CPF.pdf,IS,thousand,5,ค่าใช้จ่าย,ต้นทุนทางการเงินของหนี้ สินตามสัญญาเช่า,ต้นทุนทางการเงินของหนี้ สินตามสัญญาเช่า,,,0.615,747307.0,780956.0,8103.0,7146.0
CPF,pdf_th_FINANCIAL_STATEMENTS_CPF.pdf,IS,thousand,5,ค่าใช้จ่าย,ต้นทุนทางการเงินอื่น,ต้นทุนทางการเงินอื่น,FINANCE_COST,FINANCE_COST,0.909,4749712.0,5311002.0,1658680.0,1520133.0
CPF,pdf_th_FINANCIAL_STATEMENTS_CPF.pdf,IS,thousand,5,ค่าใช้จ่าย,รวมค่ าใช้ จ่าย,รวมค่ าใช้ จ่าย,TOTAL_EXPENSES,TOTAL_EXPENSES,1.0,132243776.0,136025090.0,6712726.0,7043603.0
CPF,pdf_th_FINANCIAL_STATEMENTS_CPF.pdf,IS,thousand,5,ค่าใช้จ่าย,และการร่ วมค้าที่ใช้วิธีส่วนได้เสี ย 4,และการร่ วมค้าที่ใช้วิธีส่วนได้เสี ย 4,,,0.865,1366550.0,3443232.0,,
CPF,pdf_th_FINANCIAL_STATEMENTS_CPF.pdf,IS,thousand,5,ค่าใช้จ่าย,กาไร (ขาดทุน) ก่ อนค่ าใช้ จ่ายภาษีเงินได้,กาไร (ขาดทุน) ก่ อนค่ าใช้ จ่ายภาษีเงินได้,PROFIT_BEFORE_TAX,PROFIT_BEFORE_TAX,1.0,6773407.0,12885116.0,369407.0,-1479279.0
CPF,pdf_th_FINANCIAL_STATEMENTS_CPF.pdf,IS,thousand,5,ค่าใช้จ่าย,ค่าใช้จ่ายภาษีเงินได้,ค่าใช้จ่ายภาษีเงินได้,INCOME_TAX_EXPENSE,INCOME_TAX_EXPENSE,1.0,1437727.0,3255089.0,56593.0,158582.0
CPF,pdf_th_FINANCIAL_STATEMENTS_CPF.pdf,IS,thousand,5,ค่าใช้จ่าย,กาไร (ขาดทุน) สาหรับงวด,กาไร (ขาดทุน) สาหรับงวด,NET_PROFIT,NET_PROFIT,1.0,5335680.0,9630027.0,312814.0,-1637861.0
CPF,pdf_th_FINANCIAL_STATEMENTS_CPF.pdf,IS,thousand,7,,วันที่,วันที่,,,0.5,31.0,,31.0,
CPF,pdf_th_FINANCIAL_STATEMENTS_CPF.pdf,IS,thousand,7,,กาไร (ขาดทุน) สาหรับงวด,กาไร (ขาดทุน) สาหรับงวด,NET_PROFIT,NET_PROFIT,1.0,5335680.0,9630027.0,312814.0,-1637861.0
CPF,pdf_th_FINANCIAL_STATEMENTS_CPF.pdf,IS,thousand,7,กำไรขาดทุนเบ็ดเสร็จอื่น,ผลต่างของอัตราแลกเปลี่ยนจากการแปลงค่างบการเงิน,ผลต่างของอัตราแลกเปลี่ยนจากการแปลงค่างบการเงิน,FX_TRANSLATION,FX_TRANSLATION,1.0,3351953.0,8931110.0,,
CPF,pdf_th_FINANCIAL_STATEMENTS_CPF.pdf,IS,thousand,7,กำไรขาดทุนเบ็ดเสร็จอื่น,ความเสี่ ยงกระแสเงินสด,ความเสี่ ยงกระแสเงินสด,,,0.681,450841.0,-901668.0,78003.0,76578.0
CPF,pdf_th_FINANCIAL_STATEMENTS_CPF.pdf,IS,thousand,7,กำไรขาดทุนเบ็ดเสร็จอื่น,และการร่ วมค้าที่ใช้วิธีส่วนได้เสี ย 4,ส่ วนแบ่งกาไรเบ็ดเสร็ จอื่นของบริ ษทั ร่ วม และการร่ วมค้าที่ใช้วิธีส่วนได้เสี ย 4,SHARE_OF_PROFIT_ASSOCIATE,SHARE_OF_PROFIT_ASSOCIATE,0.907,3367304.0,127161.0,,
CPF,pdf_th_FINANCIAL_STATEMENTS_CPF.pdf,IS,thousand,7,กำไรขาดทุนเบ็ดเสร็จอื่น,ไว้ในกาไรหรื อขาดทุนในภายหลัง,ไว้ในกาไรหรื อขาดทุนในภายหลัง,,,0.861,-95163.0,143015.0,-15600.0,-15316.0
CPF,pdf_th_FINANCIAL_STATEMENTS_CPF.pdf,IS,thousand,7,กำไรขาดทุนเบ็ดเสร็จอื่น,กาไรหรื อขาดทุนในภายหลัง,รวมรายการที่อาจถูกจัดประเภทใหม่ ไว้ ใน กาไรหรื อขาดทุนในภายหลัง,OCI_RECLASSIFIABLE_TOTAL,OCI_RECLASSIFIABLE_TOTAL,1.0,7074935.0,8299618.0,62403.0,61262.0
CPF,pdf_th_FINANCIAL_STATEMENTS_CPF.pdf,IS,thousand,7,กำไรขาดทุนเบ็ดเสร็จอื่น,กาไรขาดทุนเบ็ดเสร็ จอื่น,กาไรขาดทุนเบ็ดเสร็ จอื่น,SE_OCI,SE_OCI,1.0,764448.0,-960470.0,-129679.0,-76000.0
CPF,pdf_th_FINANCIAL_STATEMENTS_CPF.pdf,IS,thousand,7,กำไรขาดทุนเบ็ดเสร็จอื่น,ผลประโยชน์พนักงานที่กาหนดไว้,ผลประโยชน์พนักงานที่กาหนดไว้,,,0.627,454715.0,-164660.0,118805.0,-51695.0
CPF,pdf_th_FINANCIAL_STATEMENTS_CPF.pdf,IS,thousand,7,กำไรขาดทุนเบ็ดเสร็จอื่น,ที่ใช้วิธีส่วนได้เสี ย 4,ที่ใช้วิธีส่วนได้เสี ย 4,,,0.75,-2444.0,32650.0,,
CPF,pdf_th_FINANCIAL_STATEMENTS_CPF.pdf,IS,thousand,7,กำไรขาดทุนเบ็ดเสร็จอื่น,ไว้ในกาไรหรื อขาดทุนในภายหลัง,ไว้ในกาไรหรื อขาดทุนในภายหลัง,,,0.861,-399568.0,19483.0,2175.0,25539.0
CPF,pdf_th_FINANCIAL_STATEMENTS_CPF.pdf,IS,thousand,7,กำไรขาดทุนเบ็ดเสร็จอื่น,กาไรหรื อขาดทุนในภายหลัง,รวมรายการที่จะไม่ ถูกจัดประเภทใหม่ ไว้ ใน กาไรหรื อขาดทุนในภายหลัง,OCI_NON_RECLASSIFIABLE_TOTAL,OCI_NON_RECLASSIFIABLE_TOTAL,1.0,817151.0,-1072997.0,-8699.0,-102156.0
CPF,pdf_th_FINANCIAL_STATEMENTS_CPF.pdf,IS,thousand,7,กำไรขาดทุนเบ็ดเสร็จอื่น,- สุทธิจากภาษี,กาไร (ขาดทุน) เบ็ดเสร็ จอื่นสาหรั บงวด - สุทธิจากภาษี,OCI_TOTAL,OCI_TOTAL,1.0,7892086.0,7226621.0,53704.0,-40894.0
CPF,pdf_th_FINANCIAL_STATEMENTS_CPF.pdf,IS,thousand,7,กำไรขาดทุนเบ็ดเสร็จอื่น,กาไร (ขาดทุน) เบ็ดเสร็ จรวมสาหรั บงวด,กาไร (ขาดทุน) เบ็ดเสร็ จรวมสาหรั บงวด,TOTAL_COMPREHENSIVE_INCOME,TOTAL_COMPREHENSIVE_INCOME,1.0,13227766.0,16856648.0,366518.0,-1678755.0
